timestamp,multiplier
2025-01-01 00:00,2.8
2025-01-01 00:01,1.0
2025-01-01 00:02,4.71
2025-01-01 00:03,2.04
2025-01-01 00:04,2.84
2025-01-01 00:05,4.7
2025-01-01 00:06,4.52
2025-01-01 00:07,3.85
2025-01-01 00:08,3.23
2025-01-01 00:09,1.86
2025-01-01 00:10,2.09
2025-01-01 00:11,4.22
2025-01-01 00:12,4.1
2025-01-01 00:13,1.58
2025-01-01 00:14,4.15
2025-01-01 00:15,2.23
2025-01-01 00:16,1.79
2025-01-01 00:17,4.47
2025-01-01 00:18,3.36
2025-01-01 00:19,3.94
2025-01-01 00:20,2.52
2025-01-01 00:21,1.79
2025-01-01 00:22,2.21
2025-01-01 00:23,1.4
2025-01-01 00:24,4.77
2025-01-01 00:25,4.86
2025-01-01 00:26,3.89
2025-01-01 00:27,2.62
2025-01-01 00:28,4.59
2025-01-01 00:29,3.7
2025-01-01 00:30,2.25
2025-01-01 00:31,3.6
2025-01-01 00:32,2.45
2025-01-01 00:33,2.49
2025-01-01 00:34,4.13
2025-01-01 00:35,1.25
2025-01-01 00:36,3.05
2025-01-01 00:37,4.61
2025-01-01 00:38,3.67
2025-01-01 00:39,2.1
2025-01-01 00:40,2.18
2025-01-01 00:41,1.08
2025-01-01 00:42,3.61
2025-01-01 00:43,1.27
2025-01-01 00:44,3.96
2025-01-01 00:45,2.98
2025-01-01 00:46,3.34
2025-01-01 00:47,2.69
2025-01-01 00:48,4.55
2025-01-01 00:49,2.52
2025-01-01 00:50,1.29
2025-01-01 00:51,4.95
2025-01-01 00:52,4.51
2025-01-01 00:53,2.78
2025-01-01 00:54,2.33
2025-01-01 00:55,4.01
2025-01-01 00:56,1.95
2025-01-01 00:57,1.26
2025-01-01 00:58,4.02
2025-01-01 00:59,3.08
2025-01-01 01:00,2.4
2025-01-01 01:01,4.92
2025-01-01 01:02,1.62
2025-01-01 01:03,2.07
2025-01-01 01:04,4.26
2025-01-01 01:05,3.57
2025-01-01 01:06,4.34
2025-01-01 01:07,1.74
2025-01-01 01:08,4.42
2025-01-01 01:09,4.1
2025-01-01 01:10,1.51
2025-01-01 01:11,2.42
2025-01-01 01:12,2.19
2025-01-01 01:13,1.94
2025-01-01 01:14,3.15
2025-01-01 01:15,3.86
2025-01-01 01:16,2.6
2025-01-01 01:17,1.76
2025-01-01 01:18,1.41
2025-01-01 01:19,1.13
2025-01-01 01:20,4.06
2025-01-01 01:21,4.16
2025-01-01 01:22,4.12
2025-01-01 01:23,1.56
2025-01-01 01:24,3.38
2025-01-01 01:25,1.61
2025-01-01 01:26,3.74
2025-01-01 01:27,1.49
2025-01-01 01:28,2.68
2025-01-01 01:29,2.32
2025-01-01 01:30,1.77
2025-01-01 01:31,2.07
2025-01-01 01:32,4.09
2025-01-01 01:33,2.48
2025-01-01 01:34,4.14
2025-01-01 01:35,1.59
2025-01-01 01:36,4.04
2025-01-01 01:37,3.73
2025-01-01 01:38,1.16
2025-01-01 01:39,2.06
2025-01-01 01:40,4.68
2025-01-01 01:41,2.71
2025-01-01 01:42,3.63
2025-01-01 01:43,4.86
2025-01-01 01:44,4.92
2025-01-01 01:45,4.78
2025-01-01 01:46,3.45
2025-01-01 01:47,2.3
2025-01-01 01:48,4.55
2025-01-01 01:49,4.23
2025-01-01 01:50,2.86
2025-01-01 01:51,4.06
2025-01-01 01:52,4.89
2025-01-01 01:53,2.41
2025-01-01 01:54,2.75
2025-01-01 01:55,3.7
2025-01-01 01:56,1.33
2025-01-01 01:57,1.32
2025-01-01 01:58,2.49
2025-01-01 01:59,2.06
2025-01-01 02:00,3.32
2025-01-01 02:01,3.86
2025-01-01 02:02,3.28
2025-01-01 02:03,4.54
2025-01-01 02:04,4.72
2025-01-01 02:05,3.55
2025-01-01 02:06,3.29
2025-01-01 02:07,3.75
2025-01-01 02:08,3.53
2025-01-01 02:09,3.55
2025-01-01 02:10,4.2
2025-01-01 02:11,4.7
2025-01-01 02:12,1.4
2025-01-01 02:13,2.54
2025-01-01 02:14,2.25
2025-01-01 02:15,4.01
2025-01-01 02:16,2.96
2025-01-01 02:17,1.64
2025-01-01 02:18,4.88
2025-01-01 02:19,1.31
2025-01-01 02:20,1.2
2025-01-01 02:21,3.17
2025-01-01 02:22,3.43
2025-01-01 02:23,4.02
2025-01-01 02:24,4.59
2025-01-01 02:25,2.75
2025-01-01 02:26,3.51
2025-01-01 02:27,3.53
2025-01-01 02:28,2.83
2025-01-01 02:29,2.99
2025-01-01 02:30,1.27
2025-01-01 02:31,2.73
2025-01-01 02:32,2.92
2025-01-01 02:33,2.19
2025-01-01 02:34,2.1
2025-01-01 02:35,3.6
2025-01-01 02:36,3.29
2025-01-01 02:37,4.54
2025-01-01 02:38,3.78
2025-01-01 02:39,1.38
2025-01-01 02:40,1.57
2025-01-01 02:41,1.19
2025-01-01 02:42,2.39
2025-01-01 02:43,1.44
2025-01-01 02:44,3.41
2025-01-01 02:45,1.76
2025-01-01 02:46,3.6
2025-01-01 02:47,1.88
2025-01-01 02:48,4.81
2025-01-01 02:49,1.7
2025-01-01 02:50,1.29
2025-01-01 02:51,1.72
2025-01-01 02:52,1.93
2025-01-01 02:53,3.45
2025-01-01 02:54,3.12
2025-01-01 02:55,1.48
2025-01-01 02:56,2.03
2025-01-01 02:57,3.31
2025-01-01 02:58,2.8
2025-01-01 02:59,2.81
2025-01-01 03:00,4.45
2025-01-01 03:01,3.17
2025-01-01 03:02,2.42
2025-01-01 03:03,4.83
2025-01-01 03:04,2.17
2025-01-01 03:05,2.64
2025-01-01 03:06,3.86
2025-01-01 03:07,3.93
2025-01-01 03:08,3.29
2025-01-01 03:09,3.92
2025-01-01 03:10,3.48
2025-01-01 03:11,4.51
2025-01-01 03:12,3.97
2025-01-01 03:13,2.28
2025-01-01 03:14,2.53
2025-01-01 03:15,4.48
2025-01-01 03:16,4.02
2025-01-01 03:17,2.63
2025-01-01 03:18,3.2
2025-01-01 03:19,3.76
2025-01-01 03:20,4.22
2025-01-01 03:21,4.0
2025-01-01 03:22,3.09
2025-01-01 03:23,1.52
2025-01-01 03:24,4.58
2025-01-01 03:25,4.01
2025-01-01 03:26,1.99
2025-01-01 03:27,2.42
2025-01-01 03:28,4.88
2025-01-01 03:29,3.72
2025-01-01 03:30,1.23
2025-01-01 03:31,4.72
2025-01-01 03:32,2.44
2025-01-01 03:33,1.07
2025-01-01 03:34,2.13
2025-01-01 03:35,3.52
2025-01-01 03:36,2.21
2025-01-01 03:37,4.98
2025-01-01 03:38,2.58
2025-01-01 03:39,2.22
2025-01-01 03:40,3.69
2025-01-01 03:41,2.41
2025-01-01 03:42,4.6
2025-01-01 03:43,3.64
2025-01-01 03:44,3.1
2025-01-01 03:45,3.55
2025-01-01 03:46,1.05
2025-01-01 03:47,2.37
2025-01-01 03:48,3.82
2025-01-01 03:49,4.37
2025-01-01 03:50,4.94
2025-01-01 03:51,4.49
2025-01-01 03:52,1.97
2025-01-01 03:53,1.79
2025-01-01 03:54,3.15
2025-01-01 03:55,1.94
2025-01-01 03:56,1.46
2025-01-01 03:57,2.77
2025-01-01 03:58,4.18
2025-01-01 03:59,1.69
2025-01-01 04:00,1.98
2025-01-01 04:01,4.99
2025-01-01 04:02,3.78
2025-01-01 04:03,4.24
2025-01-01 04:04,2.58
2025-01-01 04:05,1.93
2025-01-01 04:06,4.37
2025-01-01 04:07,2.91
2025-01-01 04:08,2.89
2025-01-01 04:09,3.67
2025-01-01 04:10,2.36
2025-01-01 04:11,4.67
2025-01-01 04:12,1.39
2025-01-01 04:13,1.52
2025-01-01 04:14,2.18
2025-01-01 04:15,3.97
2025-01-01 04:16,1.76
2025-01-01 04:17,4.52
2025-01-01 04:18,1.18
2025-01-01 04:19,2.89
2025-01-01 04:20,4.83
2025-01-01 04:21,2.27
2025-01-01 04:22,3.29
2025-01-01 04:23,3.29
2025-01-01 04:24,4.65
2025-01-01 04:25,2.9
2025-01-01 04:26,3.1
2025-01-01 04:27,3.67
2025-01-01 04:28,1.79
2025-01-01 04:29,4.37
2025-01-01 04:30,4.89
2025-01-01 04:31,2.07
2025-01-01 04:32,1.73
2025-01-01 04:33,1.43
2025-01-01 04:34,2.69
2025-01-01 04:35,2.67
2025-01-01 04:36,3.18
2025-01-01 04:37,2.53
2025-01-01 04:38,5.0
2025-01-01 04:39,4.5
2025-01-01 04:40,3.77
2025-01-01 04:41,3.68
2025-01-01 04:42,1.57
2025-01-01 04:43,3.44
2025-01-01 04:44,2.48
2025-01-01 04:45,1.17
2025-01-01 04:46,1.35
2025-01-01 04:47,2.87
2025-01-01 04:48,3.62
2025-01-01 04:49,4.78
2025-01-01 04:50,1.9
2025-01-01 04:51,1.85
2025-01-01 04:52,2.27
2025-01-01 04:53,2.08
2025-01-01 04:54,2.25
2025-01-01 04:55,2.06
2025-01-01 04:56,3.86
2025-01-01 04:57,2.04
2025-01-01 04:58,2.16
2025-01-01 04:59,1.52
2025-01-01 05:00,2.6
2025-01-01 05:01,4.44
2025-01-01 05:02,1.94
2025-01-01 05:03,4.88
2025-01-01 05:04,2.88
2025-01-01 05:05,2.89
2025-01-01 05:06,3.48
2025-01-01 05:07,2.02
2025-01-01 05:08,2.12
2025-01-01 05:09,4.45
2025-01-01 05:10,1.21
2025-01-01 05:11,1.32
2025-01-01 05:12,2.11
2025-01-01 05:13,3.57
2025-01-01 05:14,4.8
2025-01-01 05:15,4.12
2025-01-01 05:16,4.9
2025-01-01 05:17,4.21
2025-01-01 05:18,1.38
2025-01-01 05:19,2.19
2025-01-01 05:20,4.29
2025-01-01 05:21,4.54
2025-01-01 05:22,2.71
2025-01-01 05:23,4.15
2025-01-01 05:24,4.11
2025-01-01 05:25,4.1
2025-01-01 05:26,2.87
2025-01-01 05:27,3.13
2025-01-01 05:28,4.33
2025-01-01 05:29,3.47
2025-01-01 05:30,3.11
2025-01-01 05:31,2.41
2025-01-01 05:32,2.66
2025-01-01 05:33,4.9
2025-01-01 05:34,3.92
2025-01-01 05:35,3.38
2025-01-01 05:36,3.53
2025-01-01 05:37,4.67
2025-01-01 05:38,4.29
2025-01-01 05:39,2.68
2025-01-01 05:40,4.95
2025-01-01 05:41,4.47
2025-01-01 05:42,3.54
2025-01-01 05:43,2.46
2025-01-01 05:44,2.96
2025-01-01 05:45,2.66
2025-01-01 05:46,3.45
2025-01-01 05:47,1.31
2025-01-01 05:48,1.78
2025-01-01 05:49,2.5
2025-01-01 05:50,3.21
2025-01-01 05:51,1.84
2025-01-01 05:52,2.92
2025-01-01 05:53,1.9
2025-01-01 05:54,2.02
2025-01-01 05:55,4.25
2025-01-01 05:56,3.2
2025-01-01 05:57,2.15
2025-01-01 05:58,2.74
2025-01-01 05:59,1.07
2025-01-01 06:00,3.47
2025-01-01 06:01,4.72
2025-01-01 06:02,1.82
2025-01-01 06:03,4.34
2025-01-01 06:04,2.11
2025-01-01 06:05,4.32
2025-01-01 06:06,1.28
2025-01-01 06:07,1.47
2025-01-01 06:08,3.42
2025-01-01 06:09,4.04
2025-01-01 06:10,3.02
2025-01-01 06:11,4.27
2025-01-01 06:12,4.45
2025-01-01 06:13,3.14
2025-01-01 06:14,3.42
2025-01-01 06:15,3.64
2025-01-01 06:16,3.14
2025-01-01 06:17,4.22
2025-01-01 06:18,4.97
2025-01-01 06:19,4.63
2025-01-01 06:20,3.2
2025-01-01 06:21,1.33
2025-01-01 06:22,2.52
2025-01-01 06:23,4.05
2025-01-01 06:24,2.53
2025-01-01 06:25,3.05
2025-01-01 06:26,2.48
2025-01-01 06:27,3.75
2025-01-01 06:28,3.04
2025-01-01 06:29,3.09
2025-01-01 06:30,4.06
2025-01-01 06:31,2.57
2025-01-01 06:32,2.76
2025-01-01 06:33,4.6
2025-01-01 06:34,3.11
2025-01-01 06:35,2.51
2025-01-01 06:36,2.12
2025-01-01 06:37,4.07
2025-01-01 06:38,4.04
2025-01-01 06:39,3.43
2025-01-01 06:40,3.04
2025-01-01 06:41,2.83
2025-01-01 06:42,1.62
2025-01-01 06:43,2.3
2025-01-01 06:44,4.15
2025-01-01 06:45,1.25
2025-01-01 06:46,2.44
2025-01-01 06:47,3.95
2025-01-01 06:48,1.57
2025-01-01 06:49,2.37
2025-01-01 06:50,2.7
2025-01-01 06:51,2.57
2025-01-01 06:52,2.86
2025-01-01 06:53,3.55
2025-01-01 06:54,2.37
2025-01-01 06:55,1.59
2025-01-01 06:56,3.88
2025-01-01 06:57,4.67
2025-01-01 06:58,3.07
2025-01-01 06:59,3.38
2025-01-01 07:00,4.12
2025-01-01 07:01,2.19
2025-01-01 07:02,3.19
2025-01-01 07:03,3.65
2025-01-01 07:04,4.32
2025-01-01 07:05,4.26
2025-01-01 07:06,3.76
2025-01-01 07:07,1.67
2025-01-01 07:08,2.89
2025-01-01 07:09,2.61
2025-01-01 07:10,2.35
2025-01-01 07:11,2.44
2025-01-01 07:12,3.38
2025-01-01 07:13,2.51
2025-01-01 07:14,4.78
2025-01-01 07:15,2.02
2025-01-01 07:16,3.81
2025-01-01 07:17,4.18
2025-01-01 07:18,1.22
2025-01-01 07:19,1.57
2025-01-01 07:20,3.12
2025-01-01 07:21,3.35
2025-01-01 07:22,5.0
2025-01-01 07:23,1.95
2025-01-01 07:24,4.21
2025-01-01 07:25,2.54
2025-01-01 07:26,4.37
2025-01-01 07:27,2.85
2025-01-01 07:28,2.1
2025-01-01 07:29,3.43
2025-01-01 07:30,1.16
2025-01-01 07:31,4.21
2025-01-01 07:32,4.32
2025-01-01 07:33,4.32
2025-01-01 07:34,1.63
2025-01-01 07:35,1.0
2025-01-01 07:36,4.78
2025-01-01 07:37,2.81
2025-01-01 07:38,1.01
2025-01-01 07:39,2.18
2025-01-01 07:40,1.04
2025-01-01 07:41,1.01
2025-01-01 07:42,2.56
2025-01-01 07:43,2.64
2025-01-01 07:44,4.49
2025-01-01 07:45,2.69
2025-01-01 07:46,1.01
2025-01-01 07:47,2.92
2025-01-01 07:48,2.43
2025-01-01 07:49,4.83
2025-01-01 07:50,3.6
2025-01-01 07:51,3.27
2025-01-01 07:52,2.85
2025-01-01 07:53,3.15
2025-01-01 07:54,3.93
2025-01-01 07:55,3.63
2025-01-01 07:56,1.39
2025-01-01 07:57,4.97
2025-01-01 07:58,1.17
2025-01-01 07:59,1.12
2025-01-01 08:00,2.37
2025-01-01 08:01,3.36
2025-01-01 08:02,1.28
2025-01-01 08:03,2.75
2025-01-01 08:04,3.18
2025-01-01 08:05,3.2
2025-01-01 08:06,1.22
2025-01-01 08:07,4.45
2025-01-01 08:08,3.99
2025-01-01 08:09,2.48
2025-01-01 08:10,4.52
2025-01-01 08:11,2.32
2025-01-01 08:12,3.33
2025-01-01 08:13,1.28
2025-01-01 08:14,2.83
2025-01-01 08:15,3.95
2025-01-01 08:16,1.28
2025-01-01 08:17,4.91
2025-01-01 08:18,4.04
2025-01-01 08:19,3.43
2025-01-01 08:20,1.73
2025-01-01 08:21,1.81
2025-01-01 08:22,3.85
2025-01-01 08:23,4.0
2025-01-01 08:24,3.28
2025-01-01 08:25,2.32
2025-01-01 08:26,4.47
2025-01-01 08:27,4.12
2025-01-01 08:28,2.29
2025-01-01 08:29,3.75
2025-01-01 08:30,4.29
2025-01-01 08:31,1.09
2025-01-01 08:32,4.16
2025-01-01 08:33,2.01
2025-01-01 08:34,3.24
2025-01-01 08:35,4.67
2025-01-01 08:36,1.43
2025-01-01 08:37,1.67
2025-01-01 08:38,2.26
2025-01-01 08:39,1.46
2025-01-01 08:40,4.04
2025-01-01 08:41,4.94
2025-01-01 08:42,3.56
2025-01-01 08:43,4.84
2025-01-01 08:44,3.1
2025-01-01 08:45,4.77
2025-01-01 08:46,4.33
2025-01-01 08:47,4.15
2025-01-01 08:48,4.28
2025-01-01 08:49,3.24
2025-01-01 08:50,4.94
2025-01-01 08:51,2.34
2025-01-01 08:52,2.54
2025-01-01 08:53,2.9
2025-01-01 08:54,2.82
2025-01-01 08:55,1.57
2025-01-01 08:56,3.18
2025-01-01 08:57,1.27
2025-01-01 08:58,2.14
2025-01-01 08:59,1.69
2025-01-01 09:00,3.2
2025-01-01 09:01,3.26
2025-01-01 09:02,2.27
2025-01-01 09:03,4.78
2025-01-01 09:04,2.79
2025-01-01 09:05,1.2
2025-01-01 09:06,3.03
2025-01-01 09:07,2.18
2025-01-01 09:08,4.34
2025-01-01 09:09,4.6
2025-01-01 09:10,4.61
2025-01-01 09:11,3.92
2025-01-01 09:12,1.08
2025-01-01 09:13,3.56
2025-01-01 09:14,3.14
2025-01-01 09:15,2.23
2025-01-01 09:16,4.85
2025-01-01 09:17,1.77
2025-01-01 09:18,1.79
2025-01-01 09:19,3.38
2025-01-01 09:20,3.54
2025-01-01 09:21,1.44
2025-01-01 09:22,3.18
2025-01-01 09:23,3.05
2025-01-01 09:24,2.18
2025-01-01 09:25,1.42
2025-01-01 09:26,2.4
2025-01-01 09:27,1.27
2025-01-01 09:28,4.62
2025-01-01 09:29,4.25
2025-01-01 09:30,2.54
2025-01-01 09:31,3.52
2025-01-01 09:32,2.71
2025-01-01 09:33,2.18
2025-01-01 09:34,3.27
2025-01-01 09:35,3.26
2025-01-01 09:36,3.51
2025-01-01 09:37,2.3
2025-01-01 09:38,2.8
2025-01-01 09:39,3.91
2025-01-01 09:40,3.17
2025-01-01 09:41,3.84
2025-01-01 09:42,1.43
2025-01-01 09:43,1.79
2025-01-01 09:44,3.78
2025-01-01 09:45,2.18
2025-01-01 09:46,2.11
2025-01-01 09:47,2.23
2025-01-01 09:48,3.7
2025-01-01 09:49,2.3
2025-01-01 09:50,4.98
2025-01-01 09:51,4.79
2025-01-01 09:52,1.42
2025-01-01 09:53,2.15
2025-01-01 09:54,2.72
2025-01-01 09:55,1.8
2025-01-01 09:56,3.24
2025-01-01 09:57,2.02
2025-01-01 09:58,2.01
2025-01-01 09:59,3.23
2025-01-01 10:00,2.6
2025-01-01 10:01,4.08
2025-01-01 10:02,1.13
2025-01-01 10:03,3.26
2025-01-01 10:04,3.32
2025-01-01 10:05,4.07
2025-01-01 10:06,2.03
2025-01-01 10:07,3.92
2025-01-01 10:08,1.1
2025-01-01 10:09,1.44
2025-01-01 10:10,4.92
2025-01-01 10:11,2.64
2025-01-01 10:12,2.93
2025-01-01 10:13,3.03
2025-01-01 10:14,2.72
2025-01-01 10:15,2.26
2025-01-01 10:16,2.18
2025-01-01 10:17,1.65
2025-01-01 10:18,4.66
2025-01-01 10:19,3.69
2025-01-01 10:20,4.85
2025-01-01 10:21,1.82
2025-01-01 10:22,2.42
2025-01-01 10:23,1.51
2025-01-01 10:24,3.17
2025-01-01 10:25,2.37
2025-01-01 10:26,2.29
2025-01-01 10:27,2.69
2025-01-01 10:28,3.98
2025-01-01 10:29,1.48
2025-01-01 10:30,1.05
2025-01-01 10:31,3.1
2025-01-01 10:32,3.71
2025-01-01 10:33,1.56
2025-01-01 10:34,3.68
2025-01-01 10:35,1.26
2025-01-01 10:36,2.32
2025-01-01 10:37,4.08
2025-01-01 10:38,2.97
2025-01-01 10:39,2.53
2025-01-01 10:40,4.25
2025-01-01 10:41,2.58
2025-01-01 10:42,1.5
2025-01-01 10:43,3.46
2025-01-01 10:44,4.34
2025-01-01 10:45,4.75
2025-01-01 10:46,2.64
2025-01-01 10:47,3.36
2025-01-01 10:48,3.6
2025-01-01 10:49,2.33
2025-01-01 10:50,3.67
2025-01-01 10:51,3.43
2025-01-01 10:52,3.75
2025-01-01 10:53,3.41
2025-01-01 10:54,4.32
2025-01-01 10:55,4.18
2025-01-01 10:56,2.96
2025-01-01 10:57,1.84
2025-01-01 10:58,2.69
2025-01-01 10:59,4.58
2025-01-01 11:00,1.41
2025-01-01 11:01,2.57
2025-01-01 11:02,3.91
2025-01-01 11:03,2.19
2025-01-01 11:04,2.31
2025-01-01 11:05,3.55
2025-01-01 11:06,2.83
2025-01-01 11:07,2.68
2025-01-01 11:08,1.24
2025-01-01 11:09,2.98
2025-01-01 11:10,1.21
2025-01-01 11:11,4.91
2025-01-01 11:12,1.5
2025-01-01 11:13,2.37
2025-01-01 11:14,3.41
2025-01-01 11:15,3.92
2025-01-01 11:16,3.29
2025-01-01 11:17,1.24
2025-01-01 11:18,1.03
2025-01-01 11:19,1.13
2025-01-01 11:20,4.83
2025-01-01 11:21,4.75
2025-01-01 11:22,3.63
2025-01-01 11:23,2.77
2025-01-01 11:24,1.77
2025-01-01 11:25,2.19
2025-01-01 11:26,2.66
2025-01-01 11:27,3.82
2025-01-01 11:28,2.83
2025-01-01 11:29,2.18
2025-01-01 11:30,4.33
2025-01-01 11:31,2.75
2025-01-01 11:32,1.61
2025-01-01 11:33,3.89
2025-01-01 11:34,1.62
2025-01-01 11:35,3.12
2025-01-01 11:36,3.48
2025-01-01 11:37,3.67
2025-01-01 11:38,2.4
2025-01-01 11:39,3.92
2025-01-01 11:40,4.41
2025-01-01 11:41,4.36
2025-01-01 11:42,4.63
2025-01-01 11:43,1.45
2025-01-01 11:44,2.92
2025-01-01 11:45,2.6
2025-01-01 11:46,1.01
2025-01-01 11:47,2.09
2025-01-01 11:48,4.56
2025-01-01 11:49,3.31
2025-01-01 11:50,2.67
2025-01-01 11:51,4.52
2025-01-01 11:52,4.62
2025-01-01 11:53,3.48
2025-01-01 11:54,1.88
2025-01-01 11:55,2.15
2025-01-01 11:56,3.85
2025-01-01 11:57,3.09
2025-01-01 11:58,1.09
2025-01-01 11:59,1.91
2025-01-01 12:00,2.82
2025-01-01 12:01,3.93
2025-01-01 12:02,2.3
2025-01-01 12:03,3.65
2025-01-01 12:04,1.19
2025-01-01 12:05,3.44
2025-01-01 12:06,3.65
2025-01-01 12:07,2.82
2025-01-01 12:08,4.75
2025-01-01 12:09,2.82
2025-01-01 12:10,3.01
2025-01-01 12:11,1.69
2025-01-01 12:12,4.48
2025-01-01 12:13,2.03
2025-01-01 12:14,2.86
2025-01-01 12:15,1.13
2025-01-01 12:16,3.98
2025-01-01 12:17,1.01
2025-01-01 12:18,4.29
2025-01-01 12:19,4.29
2025-01-01 12:20,2.97
2025-01-01 12:21,3.01
2025-01-01 12:22,1.78
2025-01-01 12:23,2.77
2025-01-01 12:24,1.11
2025-01-01 12:25,2.34
2025-01-01 12:26,1.4
2025-01-01 12:27,3.87
2025-01-01 12:28,3.46
2025-01-01 12:29,3.1
2025-01-01 12:30,3.01
2025-01-01 12:31,3.24
2025-01-01 12:32,4.88
2025-01-01 12:33,3.37
2025-01-01 12:34,3.64
2025-01-01 12:35,4.05
2025-01-01 12:36,3.19
2025-01-01 12:37,3.59
2025-01-01 12:38,1.91
2025-01-01 12:39,4.88
2025-01-01 12:40,3.68
2025-01-01 12:41,2.57
2025-01-01 12:42,2.64
2025-01-01 12:43,4.16
2025-01-01 12:44,1.01
2025-01-01 12:45,4.19
2025-01-01 12:46,4.28
2025-01-01 12:47,2.33
2025-01-01 12:48,1.04
2025-01-01 12:49,3.52
2025-01-01 12:50,4.05
2025-01-01 12:51,3.01
2025-01-01 12:52,4.24
2025-01-01 12:53,4.24
2025-01-01 12:54,2.29
2025-01-01 12:55,2.22
2025-01-01 12:56,4.96
2025-01-01 12:57,1.47
2025-01-01 12:58,4.25
2025-01-01 12:59,2.22
2025-01-01 13:00,3.66
2025-01-01 13:01,1.66
2025-01-01 13:02,2.52
2025-01-01 13:03,2.86
2025-01-01 13:04,1.7
2025-01-01 13:05,4.68
2025-01-01 13:06,4.22
2025-01-01 13:07,1.16
2025-01-01 13:08,2.07
2025-01-01 13:09,1.96
2025-01-01 13:10,2.39
2025-01-01 13:11,2.21
2025-01-01 13:12,3.52
2025-01-01 13:13,4.32
2025-01-01 13:14,2.99
2025-01-01 13:15,3.56
2025-01-01 13:16,1.05
2025-01-01 13:17,4.33
2025-01-01 13:18,4.15
2025-01-01 13:19,3.17
2025-01-01 13:20,1.23
2025-01-01 13:21,2.5
2025-01-01 13:22,3.92
2025-01-01 13:23,2.09
2025-01-01 13:24,3.22
2025-01-01 13:25,2.43
2025-01-01 13:26,1.47
2025-01-01 13:27,4.81
2025-01-01 13:28,2.98
2025-01-01 13:29,4.23
2025-01-01 13:30,3.57
2025-01-01 13:31,2.14
2025-01-01 13:32,2.93
2025-01-01 13:33,1.58
2025-01-01 13:34,3.08
2025-01-01 13:35,2.59
2025-01-01 13:36,1.87
2025-01-01 13:37,4.02
2025-01-01 13:38,3.91
2025-01-01 13:39,3.99
2025-01-01 13:40,3.64
2025-01-01 13:41,3.39
2025-01-01 13:42,3.4
2025-01-01 13:43,1.8
2025-01-01 13:44,2.17
2025-01-01 13:45,2.96
2025-01-01 13:46,2.81
2025-01-01 13:47,1.78
2025-01-01 13:48,3.85
2025-01-01 13:49,3.47
2025-01-01 13:50,1.09
2025-01-01 13:51,4.73
2025-01-01 13:52,2.43
2025-01-01 13:53,1.29
2025-01-01 13:54,3.37
2025-01-01 13:55,4.06
2025-01-01 13:56,4.24
2025-01-01 13:57,3.68
2025-01-01 13:58,4.71
2025-01-01 13:59,3.27
2025-01-01 14:00,3.27
2025-01-01 14:01,2.42
2025-01-01 14:02,1.46
2025-01-01 14:03,1.18
2025-01-01 14:04,4.66
2025-01-01 14:05,2.16
2025-01-01 14:06,4.21
2025-01-01 14:07,1.13
2025-01-01 14:08,3.99
2025-01-01 14:09,3.84
2025-01-01 14:10,3.35
2025-01-01 14:11,3.2
2025-01-01 14:12,1.85
2025-01-01 14:13,4.87
2025-01-01 14:14,4.99
2025-01-01 14:15,1.26
2025-01-01 14:16,3.09
2025-01-01 14:17,2.91
2025-01-01 14:18,2.02
2025-01-01 14:19,2.98
2025-01-01 14:20,2.81
2025-01-01 14:21,2.95
2025-01-01 14:22,4.93
2025-01-01 14:23,2.67
2025-01-01 14:24,2.44
2025-01-01 14:25,4.48
2025-01-01 14:26,1.22
2025-01-01 14:27,3.65
2025-01-01 14:28,3.45
2025-01-01 14:29,1.15
2025-01-01 14:30,4.42
2025-01-01 14:31,4.16
2025-01-01 14:32,2.75
2025-01-01 14:33,1.24
2025-01-01 14:34,3.59
2025-01-01 14:35,2.94
2025-01-01 14:36,2.14
2025-01-01 14:37,1.2
2025-01-01 14:38,2.04
2025-01-01 14:39,3.24
2025-01-01 14:40,4.33
2025-01-01 14:41,4.07
2025-01-01 14:42,4.9
2025-01-01 14:43,2.2
2025-01-01 14:44,1.22
2025-01-01 14:45,4.23
2025-01-01 14:46,3.33
2025-01-01 14:47,1.83
2025-01-01 14:48,2.54
2025-01-01 14:49,1.35
2025-01-01 14:50,1.55
2025-01-01 14:51,1.59
2025-01-01 14:52,3.32
2025-01-01 14:53,3.88
2025-01-01 14:54,4.31
2025-01-01 14:55,3.38
2025-01-01 14:56,4.52
2025-01-01 14:57,2.83
2025-01-01 14:58,3.59
2025-01-01 14:59,3.71
2025-01-01 15:00,2.66
2025-01-01 15:01,2.7
2025-01-01 15:02,2.69
2025-01-01 15:03,1.9
2025-01-01 15:04,1.96
2025-01-01 15:05,2.4
2025-01-01 15:06,2.86
2025-01-01 15:07,4.35
2025-01-01 15:08,4.98
2025-01-01 15:09,4.21
2025-01-01 15:10,4.32
2025-01-01 15:11,2.25
2025-01-01 15:12,2.39
2025-01-01 15:13,4.32
2025-01-01 15:14,4.99
2025-01-01 15:15,4.83
2025-01-01 15:16,3.87
2025-01-01 15:17,3.99
2025-01-01 15:18,2.44
2025-01-01 15:19,3.91
2025-01-01 15:20,4.55
2025-01-01 15:21,3.56
2025-01-01 15:22,1.91
2025-01-01 15:23,2.61
2025-01-01 15:24,1.97
2025-01-01 15:25,1.15
2025-01-01 15:26,2.85
2025-01-01 15:27,1.02
2025-01-01 15:28,3.01
2025-01-01 15:29,1.77
2025-01-01 15:30,4.58
2025-01-01 15:31,1.13
2025-01-01 15:32,1.18
2025-01-01 15:33,4.3
2025-01-01 15:34,4.15
2025-01-01 15:35,2.43
2025-01-01 15:36,1.78
2025-01-01 15:37,1.7
2025-01-01 15:38,1.77
2025-01-01 15:39,4.59
2025-01-01 15:40,1.81
2025-01-01 15:41,2.69
2025-01-01 15:42,2.58
2025-01-01 15:43,4.94
2025-01-01 15:44,4.57
2025-01-01 15:45,2.57
2025-01-01 15:46,3.51
2025-01-01 15:47,3.87
2025-01-01 15:48,4.68
2025-01-01 15:49,3.09
2025-01-01 15:50,3.04
2025-01-01 15:51,1.36
2025-01-01 15:52,2.39
2025-01-01 15:53,2.27
2025-01-01 15:54,1.81
2025-01-01 15:55,3.95
2025-01-01 15:56,3.34
2025-01-01 15:57,2.35
2025-01-01 15:58,1.3
2025-01-01 15:59,1.69
2025-01-01 16:00,4.48
2025-01-01 16:01,3.49
2025-01-01 16:02,4.14
2025-01-01 16:03,2.47
2025-01-01 16:04,4.65
2025-01-01 16:05,4.31
2025-01-01 16:06,1.84
2025-01-01 16:07,4.35
2025-01-01 16:08,3.85
2025-01-01 16:09,4.18
2025-01-01 16:10,3.9
2025-01-01 16:11,1.61
2025-01-01 16:12,3.14
2025-01-01 16:13,3.83
2025-01-01 16:14,1.27
2025-01-01 16:15,3.96
2025-01-01 16:16,2.27
2025-01-01 16:17,3.61
2025-01-01 16:18,2.14
2025-01-01 16:19,1.59
2025-01-01 16:20,2.22
2025-01-01 16:21,4.51
2025-01-01 16:22,3.71
2025-01-01 16:23,4.77
2025-01-01 16:24,2.42
2025-01-01 16:25,4.82
2025-01-01 16:26,2.26
2025-01-01 16:27,1.59
2025-01-01 16:28,1.45
2025-01-01 16:29,4.35
2025-01-01 16:30,3.05
2025-01-01 16:31,2.89
2025-01-01 16:32,3.5
2025-01-01 16:33,2.18
2025-01-01 16:34,2.4
2025-01-01 16:35,2.03
2025-01-01 16:36,2.26
2025-01-01 16:37,3.63
2025-01-01 16:38,1.95
2025-01-01 16:39,1.23
2025-01-01 16:40,3.87
2025-01-01 16:41,2.14
2025-01-01 16:42,3.31
2025-01-01 16:43,1.06
2025-01-01 16:44,3.59
2025-01-01 16:45,4.63
2025-01-01 16:46,3.87
2025-01-01 16:47,4.64
2025-01-01 16:48,2.19
2025-01-01 16:49,4.93
2025-01-01 16:50,3.25
2025-01-01 16:51,1.84
2025-01-01 16:52,4.26
2025-01-01 16:53,4.26
2025-01-01 16:54,4.1
2025-01-01 16:55,1.9
2025-01-01 16:56,4.0
2025-01-01 16:57,2.51
2025-01-01 16:58,3.37
2025-01-01 16:59,4.06
2025-01-01 17:00,4.23
2025-01-01 17:01,3.04
2025-01-01 17:02,3.5
2025-01-01 17:03,1.89
2025-01-01 17:04,2.98
2025-01-01 17:05,3.49
2025-01-01 17:06,4.91
2025-01-01 17:07,2.96
2025-01-01 17:08,1.17
2025-01-01 17:09,4.74
2025-01-01 17:10,2.72
2025-01-01 17:11,2.53
2025-01-01 17:12,4.55
2025-01-01 17:13,3.83
2025-01-01 17:14,3.31
2025-01-01 17:15,1.24
2025-01-01 17:16,1.47
2025-01-01 17:17,2.16
2025-01-01 17:18,2.65
2025-01-01 17:19,2.19
2025-01-01 17:20,1.25
2025-01-01 17:21,1.62
2025-01-01 17:22,1.64
2025-01-01 17:23,2.49
2025-01-01 17:24,4.91
2025-01-01 17:25,4.55
2025-01-01 17:26,2.65
2025-01-01 17:27,1.89
2025-01-01 17:28,3.97
2025-01-01 17:29,3.23
2025-01-01 17:30,4.95
2025-01-01 17:31,3.64
2025-01-01 17:32,4.16
2025-01-01 17:33,2.48
2025-01-01 17:34,4.75
2025-01-01 17:35,1.9
2025-01-01 17:36,3.37
2025-01-01 17:37,4.19
2025-01-01 17:38,3.56
2025-01-01 17:39,4.04
2025-01-01 17:40,3.59
2025-01-01 17:41,3.9
2025-01-01 17:42,2.65
2025-01-01 17:43,3.71
2025-01-01 17:44,1.15
2025-01-01 17:45,4.98
2025-01-01 17:46,2.96
2025-01-01 17:47,1.5
2025-01-01 17:48,2.74
2025-01-01 17:49,4.22
2025-01-01 17:50,2.18
2025-01-01 17:51,2.8
2025-01-01 17:52,4.11
2025-01-01 17:53,3.38
2025-01-01 17:54,3.29
2025-01-01 17:55,2.77
2025-01-01 17:56,2.28
2025-01-01 17:57,4.63
2025-01-01 17:58,1.29
2025-01-01 17:59,1.67
2025-01-01 18:00,2.57
2025-01-01 18:01,3.54
2025-01-01 18:02,2.21
2025-01-01 18:03,3.82
2025-01-01 18:04,2.78
2025-01-01 18:05,2.48
2025-01-01 18:06,2.35
2025-01-01 18:07,4.49
2025-01-01 18:08,2.66
2025-01-01 18:09,2.94
2025-01-01 18:10,2.21
2025-01-01 18:11,1.98
2025-01-01 18:12,3.58
2025-01-01 18:13,3.31
2025-01-01 18:14,3.5
2025-01-01 18:15,2.86
2025-01-01 18:16,1.8
2025-01-01 18:17,1.02
2025-01-01 18:18,4.5
2025-01-01 18:19,2.27
2025-01-01 18:20,1.35
2025-01-01 18:21,2.62
2025-01-01 18:22,1.77
2025-01-01 18:23,1.68
2025-01-01 18:24,4.3
2025-01-01 18:25,2.74
2025-01-01 18:26,4.49
2025-01-01 18:27,4.81
2025-01-01 18:28,1.06
2025-01-01 18:29,1.57
2025-01-01 18:30,1.36
2025-01-01 18:31,1.09
2025-01-01 18:32,3.41
2025-01-01 18:33,2.4
2025-01-01 18:34,2.24
2025-01-01 18:35,1.48
2025-01-01 18:36,1.93
2025-01-01 18:37,2.7
2025-01-01 18:38,1.08
2025-01-01 18:39,2.13
2025-01-01 18:40,2.8
2025-01-01 18:41,2.09
2025-01-01 18:42,4.36
2025-01-01 18:43,3.51
2025-01-01 18:44,1.95
2025-01-01 18:45,2.5
2025-01-01 18:46,3.43
2025-01-01 18:47,3.84
2025-01-01 18:48,1.34
2025-01-01 18:49,2.24
2025-01-01 18:50,2.51
2025-01-01 18:51,2.04
2025-01-01 18:52,3.34
2025-01-01 18:53,4.0
2025-01-01 18:54,4.21
2025-01-01 18:55,3.58
2025-01-01 18:56,1.54
2025-01-01 18:57,1.97
2025-01-01 18:58,4.91
2025-01-01 18:59,3.66
2025-01-01 19:00,4.31
2025-01-01 19:01,4.33
2025-01-01 19:02,3.54
2025-01-01 19:03,1.8
2025-01-01 19:04,2.95
2025-01-01 19:05,2.52
2025-01-01 19:06,2.78
2025-01-01 19:07,1.68
2025-01-01 19:08,1.52
2025-01-01 19:09,3.02
2025-01-01 19:10,2.47
2025-01-01 19:11,1.45
2025-01-01 19:12,3.27
2025-01-01 19:13,3.0
2025-01-01 19:14,4.87
2025-01-01 19:15,3.36
2025-01-01 19:16,2.38
2025-01-01 19:17,2.26
2025-01-01 19:18,3.4
2025-01-01 19:19,3.82
2025-01-01 19:20,3.46
2025-01-01 19:21,3.1
2025-01-01 19:22,2.22
2025-01-01 19:23,4.48
2025-01-01 19:24,4.63
2025-01-01 19:25,3.36
2025-01-01 19:26,2.06
2025-01-01 19:27,4.21
2025-01-01 19:28,3.1
2025-01-01 19:29,1.01
2025-01-01 19:30,1.15
2025-01-01 19:31,1.57
2025-01-01 19:32,3.59
2025-01-01 19:33,1.07
2025-01-01 19:34,4.03
2025-01-01 19:35,4.54
2025-01-01 19:36,4.13
2025-01-01 19:37,1.36
2025-01-01 19:38,1.45
2025-01-01 19:39,1.28
2025-01-01 19:40,2.2
2025-01-01 19:41,1.23
2025-01-01 19:42,2.82
2025-01-01 19:43,2.85
2025-01-01 19:44,1.38
2025-01-01 19:45,1.51
2025-01-01 19:46,2.96
2025-01-01 19:47,3.78
2025-01-01 19:48,1.93
2025-01-01 19:49,2.69
2025-01-01 19:50,4.78
2025-01-01 19:51,3.17
2025-01-01 19:52,1.28
2025-01-01 19:53,1.46
2025-01-01 19:54,1.57
2025-01-01 19:55,2.79
2025-01-01 19:56,2.16
2025-01-01 19:57,4.84
2025-01-01 19:58,3.18
2025-01-01 19:59,2.45
2025-01-01 20:00,3.9
2025-01-01 20:01,3.75
2025-01-01 20:02,2.25
2025-01-01 20:03,1.74
2025-01-01 20:04,1.23
2025-01-01 20:05,4.42
2025-01-01 20:06,1.08
2025-01-01 20:07,3.8
2025-01-01 20:08,1.33
2025-01-01 20:09,2.08
2025-01-01 20:10,2.3
2025-01-01 20:11,2.31
2025-01-01 20:12,4.27
2025-01-01 20:13,2.87
2025-01-01 20:14,2.35
2025-01-01 20:15,1.39
2025-01-01 20:16,4.77
2025-01-01 20:17,2.94
2025-01-01 20:18,4.74
2025-01-01 20:19,3.09
2025-01-01 20:20,1.39
2025-01-01 20:21,3.48
2025-01-01 20:22,2.65
2025-01-01 20:23,2.65
2025-01-01 20:24,3.25
2025-01-01 20:25,2.09
2025-01-01 20:26,3.8
2025-01-01 20:27,2.12
2025-01-01 20:28,1.42
2025-01-01 20:29,1.47
2025-01-01 20:30,2.36
2025-01-01 20:31,1.49
2025-01-01 20:32,3.54
2025-01-01 20:33,3.36
2025-01-01 20:34,2.01
2025-01-01 20:35,1.53
2025-01-01 20:36,3.83
2025-01-01 20:37,4.05
2025-01-01 20:38,2.79
2025-01-01 20:39,3.44
2025-01-01 20:40,4.45
2025-01-01 20:41,3.11
2025-01-01 20:42,4.2
2025-01-01 20:43,3.04
2025-01-01 20:44,2.57
2025-01-01 20:45,3.87
2025-01-01 20:46,4.75
2025-01-01 20:47,3.28
2025-01-01 20:48,2.8
2025-01-01 20:49,1.87
2025-01-01 20:50,3.05
2025-01-01 20:51,3.63
2025-01-01 20:52,4.24
2025-01-01 20:53,3.18
2025-01-01 20:54,2.07
2025-01-01 20:55,3.82
2025-01-01 20:56,1.24
2025-01-01 20:57,2.94
2025-01-01 20:58,2.62
2025-01-01 20:59,3.3
2025-01-01 21:00,3.15
2025-01-01 21:01,1.46
2025-01-01 21:02,1.38
2025-01-01 21:03,4.6
2025-01-01 21:04,4.72
2025-01-01 21:05,4.54
2025-01-01 21:06,2.84
2025-01-01 21:07,2.18
2025-01-01 21:08,3.59
2025-01-01 21:09,4.2
2025-01-01 21:10,3.51
2025-01-01 21:11,3.28
2025-01-01 21:12,2.39
2025-01-01 21:13,2.82
2025-01-01 21:14,2.7
2025-01-01 21:15,3.97
2025-01-01 21:16,3.95
2025-01-01 21:17,2.08
2025-01-01 21:18,2.99
2025-01-01 21:19,3.47
2025-01-01 21:20,3.14
2025-01-01 21:21,4.74
2025-01-01 21:22,4.47
2025-01-01 21:23,3.62
2025-01-01 21:24,4.99
2025-01-01 21:25,4.08
2025-01-01 21:26,2.46
2025-01-01 21:27,3.68
2025-01-01 21:28,1.22
2025-01-01 21:29,3.48
2025-01-01 21:30,2.93
2025-01-01 21:31,4.64
2025-01-01 21:32,1.25
2025-01-01 21:33,4.03
2025-01-01 21:34,1.24
2025-01-01 21:35,3.47
2025-01-01 21:36,1.71
2025-01-01 21:37,1.8
2025-01-01 21:38,4.59
2025-01-01 21:39,2.95
2025-01-01 21:40,4.0
2025-01-01 21:41,3.06
2025-01-01 21:42,4.91
2025-01-01 21:43,4.18
2025-01-01 21:44,1.88
2025-01-01 21:45,4.26
2025-01-01 21:46,4.37
2025-01-01 21:47,4.66
2025-01-01 21:48,2.16
2025-01-01 21:49,3.9
2025-01-01 21:50,2.48
2025-01-01 21:51,4.25
2025-01-01 21:52,2.49
2025-01-01 21:53,3.42
2025-01-01 21:54,3.51
2025-01-01 21:55,4.42
2025-01-01 21:56,2.01
2025-01-01 21:57,1.29
2025-01-01 21:58,4.39
2025-01-01 21:59,2.92
2025-01-01 22:00,2.45
2025-01-01 22:01,1.84
2025-01-01 22:02,1.11
2025-01-01 22:03,4.65
2025-01-01 22:04,3.3
2025-01-01 22:05,1.52
2025-01-01 22:06,1.88
2025-01-01 22:07,4.54
2025-01-01 22:08,2.7
2025-01-01 22:09,3.53
2025-01-01 22:10,2.91
2025-01-01 22:11,1.96
2025-01-01 22:12,1.85
2025-01-01 22:13,3.78
2025-01-01 22:14,1.54
2025-01-01 22:15,4.17
2025-01-01 22:16,4.01
2025-01-01 22:17,2.31
2025-01-01 22:18,3.87
2025-01-01 22:19,4.37
2025-01-01 22:20,2.85
2025-01-01 22:21,2.45
2025-01-01 22:22,2.99
2025-01-01 22:23,3.3
2025-01-01 22:24,3.01
2025-01-01 22:25,2.47
2025-01-01 22:26,1.35
2025-01-01 22:27,1.53
2025-01-01 22:28,2.99
2025-01-01 22:29,4.6
2025-01-01 22:30,2.72
2025-01-01 22:31,3.18
2025-01-01 22:32,2.54
2025-01-01 22:33,3.17
2025-01-01 22:34,1.67
2025-01-01 22:35,2.77
2025-01-01 22:36,4.8
2025-01-01 22:37,2.59
2025-01-01 22:38,4.65
2025-01-01 22:39,2.6
2025-01-01 22:40,3.7
2025-01-01 22:41,2.12
2025-01-01 22:42,1.91
2025-01-01 22:43,3.1
2025-01-01 22:44,3.73
2025-01-01 22:45,2.17
2025-01-01 22:46,4.77
2025-01-01 22:47,4.12
2025-01-01 22:48,1.88
2025-01-01 22:49,4.98
2025-01-01 22:50,1.62
2025-01-01 22:51,4.75
2025-01-01 22:52,1.5
2025-01-01 22:53,1.02
2025-01-01 22:54,2.05
2025-01-01 22:55,1.14
2025-01-01 22:56,4.23
2025-01-01 22:57,4.38
2025-01-01 22:58,2.09
2025-01-01 22:59,3.59
2025-01-01 23:00,4.92
2025-01-01 23:01,4.67
2025-01-01 23:02,4.71
2025-01-01 23:03,3.32
2025-01-01 23:04,1.49
2025-01-01 23:05,3.51
2025-01-01 23:06,1.69
2025-01-01 23:07,2.65
2025-01-01 23:08,2.18
2025-01-01 23:09,1.44
2025-01-01 23:10,3.44
2025-01-01 23:11,2.32
2025-01-01 23:12,4.41
2025-01-01 23:13,4.27
2025-01-01 23:14,1.92
2025-01-01 23:15,4.73
2025-01-01 23:16,1.64
2025-01-01 23:17,4.41
2025-01-01 23:18,3.85
2025-01-01 23:19,3.73
2025-01-01 23:20,2.19
2025-01-01 23:21,2.26
2025-01-01 23:22,3.09
2025-01-01 23:23,3.64
2025-01-01 23:24,1.28
2025-01-01 23:25,3.66
2025-01-01 23:26,1.99
2025-01-01 23:27,1.81
2025-01-01 23:28,3.96
2025-01-01 23:29,1.45
2025-01-01 23:30,2.26
2025-01-01 23:31,4.5
2025-01-01 23:32,3.78
2025-01-01 23:33,4.04
2025-01-01 23:34,2.27
2025-01-01 23:35,3.82
2025-01-01 23:36,3.68
2025-01-01 23:37,1.15
2025-01-01 23:38,3.91
2025-01-01 23:39,1.75
2025-01-01 23:40,4.5
2025-01-01 23:41,2.19
2025-01-01 23:42,2.92
2025-01-01 23:43,2.52
2025-01-01 23:44,4.93
2025-01-01 23:45,1.39
2025-01-01 23:46,3.08
2025-01-01 23:47,1.72
2025-01-01 23:48,3.08
2025-01-01 23:49,2.99
2025-01-01 23:50,4.7
2025-01-01 23:51,3.59
2025-01-01 23:52,1.45
2025-01-01 23:53,3.37
2025-01-01 23:54,3.14
2025-01-01 23:55,1.51
2025-01-01 23:56,3.24
2025-01-01 23:57,1.12
2025-01-01 23:58,4.27
2025-01-01 23:59,4.32
2025-01-02 00:00,3.64
2025-01-02 00:01,3.86
2025-01-02 00:02,4.4
2025-01-02 00:03,3.39
2025-01-02 00:04,2.08
2025-01-02 00:05,2.98
2025-01-02 00:06,1.45
2025-01-02 00:07,1.55
2025-01-02 00:08,1.47
2025-01-02 00:09,3.76
2025-01-02 00:10,3.95
2025-01-02 00:11,4.91
2025-01-02 00:12,4.65
2025-01-02 00:13,4.17
2025-01-02 00:14,2.57
2025-01-02 00:15,4.13
2025-01-02 00:16,2.88
2025-01-02 00:17,3.66
2025-01-02 00:18,2.35
2025-01-02 00:19,4.69
2025-01-02 00:20,1.86
2025-01-02 00:21,2.47
2025-01-02 00:22,1.62
2025-01-02 00:23,2.08
2025-01-02 00:24,2.95
2025-01-02 00:25,4.78
2025-01-02 00:26,2.81
2025-01-02 00:27,4.0
2025-01-02 00:28,2.08
2025-01-02 00:29,1.59
2025-01-02 00:30,3.96
2025-01-02 00:31,3.83
2025-01-02 00:32,3.18
2025-01-02 00:33,3.38
2025-01-02 00:34,3.4
2025-01-02 00:35,4.01
2025-01-02 00:36,1.42
2025-01-02 00:37,2.59
2025-01-02 00:38,4.25
2025-01-02 00:39,3.04
2025-01-02 00:40,4.23
2025-01-02 00:41,3.05
2025-01-02 00:42,4.58
2025-01-02 00:43,3.6
2025-01-02 00:44,3.47
2025-01-02 00:45,4.26
2025-01-02 00:46,3.69
2025-01-02 00:47,3.87
2025-01-02 00:48,2.27
2025-01-02 00:49,4.6
2025-01-02 00:50,2.07
2025-01-02 00:51,3.19
2025-01-02 00:52,3.66
2025-01-02 00:53,4.19
2025-01-02 00:54,1.5
2025-01-02 00:55,4.01
2025-01-02 00:56,2.63
2025-01-02 00:57,4.29
2025-01-02 00:58,3.83
2025-01-02 00:59,4.61
2025-01-02 01:00,4.52
2025-01-02 01:01,1.11
2025-01-02 01:02,4.84
2025-01-02 01:03,4.21
2025-01-02 01:04,2.1
2025-01-02 01:05,4.17
2025-01-02 01:06,2.35
2025-01-02 01:07,4.53
2025-01-02 01:08,1.18
2025-01-02 01:09,4.8
2025-01-02 01:10,3.54
2025-01-02 01:11,2.81
2025-01-02 01:12,2.76
2025-01-02 01:13,3.54
2025-01-02 01:14,4.57
2025-01-02 01:15,2.62
2025-01-02 01:16,3.02
2025-01-02 01:17,1.47
2025-01-02 01:18,4.45
2025-01-02 01:19,2.77
2025-01-02 01:20,3.58
2025-01-02 01:21,2.18
2025-01-02 01:22,1.03
2025-01-02 01:23,4.02
2025-01-02 01:24,1.62
2025-01-02 01:25,1.49
2025-01-02 01:26,3.87
2025-01-02 01:27,4.77
2025-01-02 01:28,2.68
2025-01-02 01:29,1.21
2025-01-02 01:30,3.59
2025-01-02 01:31,2.01
2025-01-02 01:32,3.04
2025-01-02 01:33,4.7
2025-01-02 01:34,4.24
2025-01-02 01:35,1.47
2025-01-02 01:36,2.09
2025-01-02 01:37,3.19
2025-01-02 01:38,1.88
2025-01-02 01:39,1.95
2025-01-02 01:40,3.32
2025-01-02 01:41,1.93
2025-01-02 01:42,4.51
2025-01-02 01:43,1.21
2025-01-02 01:44,2.42
2025-01-02 01:45,4.4
2025-01-02 01:46,3.7
2025-01-02 01:47,2.33
2025-01-02 01:48,3.09
2025-01-02 01:49,4.34
2025-01-02 01:50,4.37
2025-01-02 01:51,3.06
2025-01-02 01:52,1.29
2025-01-02 01:53,4.45
2025-01-02 01:54,3.37
2025-01-02 01:55,2.37
2025-01-02 01:56,1.9
2025-01-02 01:57,1.63
2025-01-02 01:58,3.7
2025-01-02 01:59,4.68
2025-01-02 02:00,3.37
2025-01-02 02:01,1.56
2025-01-02 02:02,3.14
2025-01-02 02:03,2.24
2025-01-02 02:04,3.39
2025-01-02 02:05,1.46
2025-01-02 02:06,3.96
2025-01-02 02:07,4.71
2025-01-02 02:08,3.93
2025-01-02 02:09,3.05
2025-01-02 02:10,3.67
2025-01-02 02:11,4.79
2025-01-02 02:12,1.81
2025-01-02 02:13,4.59
2025-01-02 02:14,3.69
2025-01-02 02:15,3.23
2025-01-02 02:16,4.47
2025-01-02 02:17,4.68
2025-01-02 02:18,2.25
2025-01-02 02:19,2.83
2025-01-02 02:20,1.81
2025-01-02 02:21,2.72
2025-01-02 02:22,3.95
2025-01-02 02:23,4.62
2025-01-02 02:24,4.09
2025-01-02 02:25,1.16
2025-01-02 02:26,2.92
2025-01-02 02:27,1.24
2025-01-02 02:28,1.38
2025-01-02 02:29,4.68
2025-01-02 02:30,2.1
2025-01-02 02:31,2.95
2025-01-02 02:32,4.89
2025-01-02 02:33,4.14
2025-01-02 02:34,1.5
2025-01-02 02:35,1.66
2025-01-02 02:36,3.01
2025-01-02 02:37,4.97
2025-01-02 02:38,3.95
2025-01-02 02:39,3.84
2025-01-02 02:40,4.26
2025-01-02 02:41,3.4
2025-01-02 02:42,3.31
2025-01-02 02:43,2.04
2025-01-02 02:44,4.03
2025-01-02 02:45,1.96
2025-01-02 02:46,3.86
2025-01-02 02:47,2.13
2025-01-02 02:48,4.39
2025-01-02 02:49,2.67
2025-01-02 02:50,3.98
2025-01-02 02:51,3.64
2025-01-02 02:52,2.59
2025-01-02 02:53,4.39
2025-01-02 02:54,3.08
2025-01-02 02:55,3.87
2025-01-02 02:56,3.76
2025-01-02 02:57,4.78
2025-01-02 02:58,2.4
2025-01-02 02:59,3.7
2025-01-02 03:00,3.6
2025-01-02 03:01,4.58
2025-01-02 03:02,3.91
2025-01-02 03:03,4.56
2025-01-02 03:04,1.1
2025-01-02 03:05,4.64
2025-01-02 03:06,1.36
2025-01-02 03:07,3.0
2025-01-02 03:08,2.18
2025-01-02 03:09,3.63
2025-01-02 03:10,1.07
2025-01-02 03:11,3.18
2025-01-02 03:12,2.48
2025-01-02 03:13,1.16
2025-01-02 03:14,2.08
2025-01-02 03:15,3.36
2025-01-02 03:16,3.66
2025-01-02 03:17,2.27
2025-01-02 03:18,2.47
2025-01-02 03:19,2.25
2025-01-02 03:20,4.89
2025-01-02 03:21,1.68
2025-01-02 03:22,4.01
2025-01-02 03:23,4.81
2025-01-02 03:24,4.28
2025-01-02 03:25,2.91
2025-01-02 03:26,1.68
2025-01-02 03:27,2.66
2025-01-02 03:28,4.49
2025-01-02 03:29,4.49
2025-01-02 03:30,2.91
2025-01-02 03:31,2.55
2025-01-02 03:32,3.84
2025-01-02 03:33,4.09
2025-01-02 03:34,3.07
2025-01-02 03:35,4.61
2025-01-02 03:36,2.42
2025-01-02 03:37,4.68
2025-01-02 03:38,1.08
2025-01-02 03:39,4.96
2025-01-02 03:40,3.52
2025-01-02 03:41,1.35
2025-01-02 03:42,2.28
2025-01-02 03:43,3.87
2025-01-02 03:44,4.41
2025-01-02 03:45,3.91
2025-01-02 03:46,1.59
2025-01-02 03:47,3.89
2025-01-02 03:48,3.28
2025-01-02 03:49,3.07
2025-01-02 03:50,2.49
2025-01-02 03:51,1.15
2025-01-02 03:52,4.74
2025-01-02 03:53,1.91
2025-01-02 03:54,4.75
2025-01-02 03:55,1.31
2025-01-02 03:56,3.85
2025-01-02 03:57,3.69
2025-01-02 03:58,3.46
2025-01-02 03:59,2.47
2025-01-02 04:00,3.03
2025-01-02 04:01,4.86
2025-01-02 04:02,2.01
2025-01-02 04:03,2.26
2025-01-02 04:04,2.92
2025-01-02 04:05,3.27
2025-01-02 04:06,1.82
2025-01-02 04:07,4.01
2025-01-02 04:08,3.97
2025-01-02 04:09,1.15
2025-01-02 04:10,2.32
2025-01-02 04:11,2.84
2025-01-02 04:12,2.21
2025-01-02 04:13,3.69
2025-01-02 04:14,1.54
2025-01-02 04:15,1.7
2025-01-02 04:16,1.46
2025-01-02 04:17,3.68
2025-01-02 04:18,1.16
2025-01-02 04:19,4.27
2025-01-02 04:20,2.2
2025-01-02 04:21,2.41
2025-01-02 04:22,3.25
2025-01-02 04:23,1.43
2025-01-02 04:24,1.3
2025-01-02 04:25,3.84
2025-01-02 04:26,1.54
2025-01-02 04:27,2.81
2025-01-02 04:28,1.1
2025-01-02 04:29,4.0
2025-01-02 04:30,2.58
2025-01-02 04:31,1.7
2025-01-02 04:32,1.86
2025-01-02 04:33,3.78
2025-01-02 04:34,1.4
2025-01-02 04:35,1.35
2025-01-02 04:36,1.63
2025-01-02 04:37,1.34
2025-01-02 04:38,2.14
2025-01-02 04:39,1.42
2025-01-02 04:40,3.38
2025-01-02 04:41,4.93
2025-01-02 04:42,4.44
2025-01-02 04:43,1.65
2025-01-02 04:44,3.43
2025-01-02 04:45,4.03
2025-01-02 04:46,2.13
2025-01-02 04:47,2.88
2025-01-02 04:48,2.52
2025-01-02 04:49,3.41
2025-01-02 04:50,3.87
2025-01-02 04:51,4.2
2025-01-02 04:52,1.87
2025-01-02 04:53,1.96
2025-01-02 04:54,3.09
2025-01-02 04:55,1.28
2025-01-02 04:56,1.49
2025-01-02 04:57,2.3
2025-01-02 04:58,1.3
2025-01-02 04:59,2.64
2025-01-02 05:00,3.29
2025-01-02 05:01,2.98
2025-01-02 05:02,4.81
2025-01-02 05:03,4.94
2025-01-02 05:04,1.4
2025-01-02 05:05,2.58
2025-01-02 05:06,4.1
2025-01-02 05:07,4.5
2025-01-02 05:08,4.02
2025-01-02 05:09,3.89
2025-01-02 05:10,4.58
2025-01-02 05:11,4.8
2025-01-02 05:12,2.82
2025-01-02 05:13,3.24
2025-01-02 05:14,1.8
2025-01-02 05:15,4.78
2025-01-02 05:16,4.98
2025-01-02 05:17,1.59
2025-01-02 05:18,2.21
2025-01-02 05:19,2.72
2025-01-02 05:20,1.33
2025-01-02 05:21,4.97
2025-01-02 05:22,3.72
2025-01-02 05:23,2.1
2025-01-02 05:24,4.66
2025-01-02 05:25,2.53
2025-01-02 05:26,4.81
2025-01-02 05:27,3.14
2025-01-02 05:28,4.4
2025-01-02 05:29,4.3
2025-01-02 05:30,4.02
2025-01-02 05:31,2.17
2025-01-02 05:32,3.81
2025-01-02 05:33,2.01
2025-01-02 05:34,3.03
2025-01-02 05:35,3.15
2025-01-02 05:36,2.25
2025-01-02 05:37,2.4
2025-01-02 05:38,2.57
2025-01-02 05:39,4.08
2025-01-02 05:40,4.35
2025-01-02 05:41,2.84
2025-01-02 05:42,4.18
2025-01-02 05:43,4.02
2025-01-02 05:44,1.19
2025-01-02 05:45,2.82
2025-01-02 05:46,4.85
2025-01-02 05:47,3.99
2025-01-02 05:48,1.91
2025-01-02 05:49,2.77
2025-01-02 05:50,1.14
2025-01-02 05:51,4.98
2025-01-02 05:52,2.17
2025-01-02 05:53,4.38
2025-01-02 05:54,2.94
2025-01-02 05:55,4.94
2025-01-02 05:56,2.92
2025-01-02 05:57,2.41
2025-01-02 05:58,1.41
2025-01-02 05:59,1.3
2025-01-02 06:00,2.03
2025-01-02 06:01,2.27
2025-01-02 06:02,2.29
2025-01-02 06:03,3.0
2025-01-02 06:04,3.56
2025-01-02 06:05,4.91
2025-01-02 06:06,4.74
2025-01-02 06:07,4.76
2025-01-02 06:08,4.3
2025-01-02 06:09,1.56
2025-01-02 06:10,2.27
2025-01-02 06:11,2.3
2025-01-02 06:12,3.33
2025-01-02 06:13,1.85
2025-01-02 06:14,1.82
2025-01-02 06:15,4.48
2025-01-02 06:16,4.54
2025-01-02 06:17,2.17
2025-01-02 06:18,3.22
2025-01-02 06:19,4.06
2025-01-02 06:20,4.96
2025-01-02 06:21,4.66
2025-01-02 06:22,4.74
2025-01-02 06:23,3.28
2025-01-02 06:24,1.21
2025-01-02 06:25,3.55
2025-01-02 06:26,1.98
2025-01-02 06:27,1.52
2025-01-02 06:28,2.19
2025-01-02 06:29,4.39
2025-01-02 06:30,2.43
2025-01-02 06:31,2.84
2025-01-02 06:32,1.91
2025-01-02 06:33,3.35
2025-01-02 06:34,4.36
2025-01-02 06:35,2.39
2025-01-02 06:36,3.41
2025-01-02 06:37,2.66
2025-01-02 06:38,1.97
2025-01-02 06:39,3.25
2025-01-02 06:40,4.48
2025-01-02 06:41,4.92
2025-01-02 06:42,4.88
2025-01-02 06:43,2.71
2025-01-02 06:44,2.2
2025-01-02 06:45,2.65
2025-01-02 06:46,3.8
2025-01-02 06:47,1.16
2025-01-02 06:48,1.09
2025-01-02 06:49,2.69
2025-01-02 06:50,3.55
2025-01-02 06:51,1.56
2025-01-02 06:52,2.39
2025-01-02 06:53,2.41
2025-01-02 06:54,2.71
2025-01-02 06:55,4.39
2025-01-02 06:56,4.29
2025-01-02 06:57,3.91
2025-01-02 06:58,4.47
2025-01-02 06:59,2.93
2025-01-02 07:00,2.29
2025-01-02 07:01,2.62
2025-01-02 07:02,1.22
2025-01-02 07:03,3.03
2025-01-02 07:04,4.9
2025-01-02 07:05,2.14
2025-01-02 07:06,3.77
2025-01-02 07:07,4.82
2025-01-02 07:08,4.92
2025-01-02 07:09,1.69
2025-01-02 07:10,2.5
2025-01-02 07:11,4.85
2025-01-02 07:12,2.72
2025-01-02 07:13,3.46
2025-01-02 07:14,2.59
2025-01-02 07:15,1.07
2025-01-02 07:16,3.71
2025-01-02 07:17,3.69
2025-01-02 07:18,2.22
2025-01-02 07:19,1.57
2025-01-02 07:20,3.01
2025-01-02 07:21,1.7
2025-01-02 07:22,4.54
2025-01-02 07:23,4.02
2025-01-02 07:24,4.18
2025-01-02 07:25,2.48
2025-01-02 07:26,2.45
2025-01-02 07:27,3.76
2025-01-02 07:28,3.69
2025-01-02 07:29,4.49
2025-01-02 07:30,3.93
2025-01-02 07:31,1.37
2025-01-02 07:32,2.84
2025-01-02 07:33,3.54
2025-01-02 07:34,4.61
2025-01-02 07:35,2.8
2025-01-02 07:36,2.3
2025-01-02 07:37,3.39
2025-01-02 07:38,1.76
2025-01-02 07:39,4.35
2025-01-02 07:40,1.09
2025-01-02 07:41,3.57
2025-01-02 07:42,1.67
2025-01-02 07:43,1.68
2025-01-02 07:44,3.21
2025-01-02 07:45,2.94
2025-01-02 07:46,2.47
2025-01-02 07:47,1.35
2025-01-02 07:48,3.11
2025-01-02 07:49,1.0
2025-01-02 07:50,3.49
2025-01-02 07:51,1.17
2025-01-02 07:52,4.65
2025-01-02 07:53,3.12
2025-01-02 07:54,2.49
2025-01-02 07:55,3.64
2025-01-02 07:56,1.96
2025-01-02 07:57,2.91
2025-01-02 07:58,4.19
2025-01-02 07:59,2.39
2025-01-02 08:00,4.8
2025-01-02 08:01,3.84
2025-01-02 08:02,4.24
2025-01-02 08:03,3.96
2025-01-02 08:04,4.44
2025-01-02 08:05,4.72
2025-01-02 08:06,2.98
2025-01-02 08:07,2.52
2025-01-02 08:08,3.56
2025-01-02 08:09,3.68
2025-01-02 08:10,3.12
2025-01-02 08:11,3.48
2025-01-02 08:12,2.45
2025-01-02 08:13,3.68
2025-01-02 08:14,1.64
2025-01-02 08:15,1.84
2025-01-02 08:16,3.66
2025-01-02 08:17,2.8
2025-01-02 08:18,4.46
2025-01-02 08:19,3.93
2025-01-02 08:20,3.38
2025-01-02 08:21,3.8
2025-01-02 08:22,2.18
2025-01-02 08:23,3.5
2025-01-02 08:24,2.18
2025-01-02 08:25,2.13
2025-01-02 08:26,4.86
2025-01-02 08:27,4.24
2025-01-02 08:28,2.49
2025-01-02 08:29,3.9
2025-01-02 08:30,1.38
2025-01-02 08:31,4.27
2025-01-02 08:32,2.55
2025-01-02 08:33,1.61
2025-01-02 08:34,3.54
2025-01-02 08:35,2.2
2025-01-02 08:36,1.9
2025-01-02 08:37,1.65
2025-01-02 08:38,1.88
2025-01-02 08:39,2.22
2025-01-02 08:40,1.64
2025-01-02 08:41,3.53
2025-01-02 08:42,3.26
2025-01-02 08:43,2.47
2025-01-02 08:44,1.76
2025-01-02 08:45,4.4
2025-01-02 08:46,3.3
2025-01-02 08:47,4.18
2025-01-02 08:48,1.97
2025-01-02 08:49,4.15
2025-01-02 08:50,2.23
2025-01-02 08:51,2.94
2025-01-02 08:52,3.63
2025-01-02 08:53,3.88
2025-01-02 08:54,2.19
2025-01-02 08:55,4.42
2025-01-02 08:56,1.96
2025-01-02 08:57,3.93
2025-01-02 08:58,3.07
2025-01-02 08:59,4.83
2025-01-02 09:00,2.38
2025-01-02 09:01,2.01
2025-01-02 09:02,1.59
2025-01-02 09:03,3.79
2025-01-02 09:04,3.46
2025-01-02 09:05,3.1
2025-01-02 09:06,4.16
2025-01-02 09:07,3.76
2025-01-02 09:08,3.73
2025-01-02 09:09,3.94
2025-01-02 09:10,4.56
2025-01-02 09:11,3.99
2025-01-02 09:12,1.69
2025-01-02 09:13,2.05
2025-01-02 09:14,2.01
2025-01-02 09:15,4.88
2025-01-02 09:16,4.09
2025-01-02 09:17,4.85
2025-01-02 09:18,3.76
2025-01-02 09:19,2.77
2025-01-02 09:20,3.53
2025-01-02 09:21,4.27
2025-01-02 09:22,4.32
2025-01-02 09:23,1.05
2025-01-02 09:24,2.4
2025-01-02 09:25,1.66
2025-01-02 09:26,3.71
2025-01-02 09:27,4.79
2025-01-02 09:28,3.02
2025-01-02 09:29,1.06
2025-01-02 09:30,1.91
2025-01-02 09:31,1.86
2025-01-02 09:32,4.47
2025-01-02 09:33,1.35
2025-01-02 09:34,4.73
2025-01-02 09:35,4.69
2025-01-02 09:36,2.19
2025-01-02 09:37,3.5
2025-01-02 09:38,3.75
2025-01-02 09:39,3.04
2025-01-02 09:40,3.45
2025-01-02 09:41,1.79
2025-01-02 09:42,1.83
2025-01-02 09:43,2.88
2025-01-02 09:44,1.36
2025-01-02 09:45,1.78
2025-01-02 09:46,2.4
2025-01-02 09:47,4.36
2025-01-02 09:48,3.94
2025-01-02 09:49,4.28
2025-01-02 09:50,1.73
2025-01-02 09:51,1.16
2025-01-02 09:52,4.17
2025-01-02 09:53,4.28
2025-01-02 09:54,2.55
2025-01-02 09:55,4.08
2025-01-02 09:56,3.17
2025-01-02 09:57,4.03
2025-01-02 09:58,4.4
2025-01-02 09:59,4.27
2025-01-02 10:00,3.49
2025-01-02 10:01,4.43
2025-01-02 10:02,2.25
2025-01-02 10:03,4.33
2025-01-02 10:04,3.99
2025-01-02 10:05,2.2
2025-01-02 10:06,3.92
2025-01-02 10:07,3.46
2025-01-02 10:08,2.68
2025-01-02 10:09,1.37
2025-01-02 10:10,3.68
2025-01-02 10:11,1.05
2025-01-02 10:12,2.51
2025-01-02 10:13,4.14
2025-01-02 10:14,2.63
2025-01-02 10:15,1.0
2025-01-02 10:16,3.77
2025-01-02 10:17,4.49
2025-01-02 10:18,1.36
2025-01-02 10:19,1.99
2025-01-02 10:20,2.23
2025-01-02 10:21,1.5
2025-01-02 10:22,2.51
2025-01-02 10:23,4.54
2025-01-02 10:24,3.83
2025-01-02 10:25,2.18
2025-01-02 10:26,4.43
2025-01-02 10:27,3.61
2025-01-02 10:28,1.68
2025-01-02 10:29,3.49
2025-01-02 10:30,4.3
2025-01-02 10:31,4.48
2025-01-02 10:32,4.47
2025-01-02 10:33,3.65
2025-01-02 10:34,1.27
2025-01-02 10:35,3.42
2025-01-02 10:36,2.61
2025-01-02 10:37,4.17
2025-01-02 10:38,3.33
2025-01-02 10:39,3.22
2025-01-02 10:40,4.67
2025-01-02 10:41,2.82
2025-01-02 10:42,4.11
2025-01-02 10:43,1.13
2025-01-02 10:44,3.64
2025-01-02 10:45,2.33
2025-01-02 10:46,4.98
2025-01-02 10:47,4.18
2025-01-02 10:48,1.63
2025-01-02 10:49,1.43
2025-01-02 10:50,3.6
2025-01-02 10:51,2.62
2025-01-02 10:52,2.05
2025-01-02 10:53,1.44
2025-01-02 10:54,2.28
2025-01-02 10:55,3.58
2025-01-02 10:56,4.87
2025-01-02 10:57,1.31
2025-01-02 10:58,1.09
2025-01-02 10:59,1.74
2025-01-02 11:00,2.8
2025-01-02 11:01,4.68
2025-01-02 11:02,3.32
2025-01-02 11:03,3.39
2025-01-02 11:04,5.0
2025-01-02 11:05,3.34
2025-01-02 11:06,2.41
2025-01-02 11:07,3.65
2025-01-02 11:08,3.29
2025-01-02 11:09,1.04
2025-01-02 11:10,2.57
2025-01-02 11:11,4.04
2025-01-02 11:12,4.46
2025-01-02 11:13,2.55
2025-01-02 11:14,1.1
2025-01-02 11:15,3.32
2025-01-02 11:16,1.77
2025-01-02 11:17,3.32
2025-01-02 11:18,2.3
2025-01-02 11:19,2.02
2025-01-02 11:20,2.27
2025-01-02 11:21,4.03
2025-01-02 11:22,3.4
2025-01-02 11:23,2.9
2025-01-02 11:24,1.84
2025-01-02 11:25,1.66
2025-01-02 11:26,4.86
2025-01-02 11:27,3.11
2025-01-02 11:28,1.29
2025-01-02 11:29,3.46
2025-01-02 11:30,2.39
2025-01-02 11:31,4.78
2025-01-02 11:32,1.48
2025-01-02 11:33,3.23
2025-01-02 11:34,4.69
2025-01-02 11:35,3.54
2025-01-02 11:36,3.76
2025-01-02 11:37,3.93
2025-01-02 11:38,1.35
2025-01-02 11:39,4.53
2025-01-02 11:40,2.51
2025-01-02 11:41,1.81
2025-01-02 11:42,2.1
2025-01-02 11:43,4.59
2025-01-02 11:44,1.83
2025-01-02 11:45,2.23
2025-01-02 11:46,2.26
2025-01-02 11:47,3.29
2025-01-02 11:48,4.69
2025-01-02 11:49,4.1
2025-01-02 11:50,2.44
2025-01-02 11:51,4.51
2025-01-02 11:52,4.88
2025-01-02 11:53,4.61
2025-01-02 11:54,3.16
2025-01-02 11:55,4.71
2025-01-02 11:56,2.34
2025-01-02 11:57,2.56
2025-01-02 11:58,4.94
2025-01-02 11:59,1.54
2025-01-02 12:00,2.29
2025-01-02 12:01,2.73
2025-01-02 12:02,1.69
2025-01-02 12:03,1.71
2025-01-02 12:04,4.82
2025-01-02 12:05,3.39
2025-01-02 12:06,1.78
2025-01-02 12:07,1.28
2025-01-02 12:08,3.84
2025-01-02 12:09,4.61
2025-01-02 12:10,1.73
2025-01-02 12:11,4.82
2025-01-02 12:12,4.12
2025-01-02 12:13,3.14
2025-01-02 12:14,4.85
2025-01-02 12:15,4.11
2025-01-02 12:16,1.1
2025-01-02 12:17,3.3
2025-01-02 12:18,1.56
2025-01-02 12:19,4.43
2025-01-02 12:20,3.05
2025-01-02 12:21,3.91
2025-01-02 12:22,2.03
2025-01-02 12:23,4.6
2025-01-02 12:24,3.84
2025-01-02 12:25,1.12
2025-01-02 12:26,4.15
2025-01-02 12:27,2.31
2025-01-02 12:28,2.01
2025-01-02 12:29,4.33
2025-01-02 12:30,1.28
2025-01-02 12:31,2.75
2025-01-02 12:32,2.57
2025-01-02 12:33,3.43
2025-01-02 12:34,1.98
2025-01-02 12:35,1.46
2025-01-02 12:36,1.85
2025-01-02 12:37,2.99
2025-01-02 12:38,4.34
2025-01-02 12:39,2.45
2025-01-02 12:40,1.19
2025-01-02 12:41,4.76
2025-01-02 12:42,1.99
2025-01-02 12:43,4.41
2025-01-02 12:44,1.46
2025-01-02 12:45,1.93
2025-01-02 12:46,4.73
2025-01-02 12:47,2.81
2025-01-02 12:48,1.66
2025-01-02 12:49,3.47
2025-01-02 12:50,4.95
2025-01-02 12:51,1.0
2025-01-02 12:52,3.96
2025-01-02 12:53,2.3
2025-01-02 12:54,2.53
2025-01-02 12:55,2.24
2025-01-02 12:56,4.38
2025-01-02 12:57,1.75
2025-01-02 12:58,3.26
2025-01-02 12:59,1.48
2025-01-02 13:00,1.45
2025-01-02 13:01,2.48
2025-01-02 13:02,1.64
2025-01-02 13:03,3.24
2025-01-02 13:04,1.61
2025-01-02 13:05,3.06
2025-01-02 13:06,2.66
2025-01-02 13:07,1.28
2025-01-02 13:08,1.35
2025-01-02 13:09,1.05
2025-01-02 13:10,4.37
2025-01-02 13:11,2.08
2025-01-02 13:12,4.82
2025-01-02 13:13,1.56
2025-01-02 13:14,3.14
2025-01-02 13:15,3.69
2025-01-02 13:16,3.15
2025-01-02 13:17,4.02
2025-01-02 13:18,3.21
2025-01-02 13:19,4.09
2025-01-02 13:20,4.53
2025-01-02 13:21,4.59
2025-01-02 13:22,3.19
2025-01-02 13:23,1.51
2025-01-02 13:24,2.83
2025-01-02 13:25,3.57
2025-01-02 13:26,4.64
2025-01-02 13:27,1.45
2025-01-02 13:28,1.61
2025-01-02 13:29,4.07
2025-01-02 13:30,3.48
2025-01-02 13:31,5.0
2025-01-02 13:32,3.86
2025-01-02 13:33,3.44
2025-01-02 13:34,4.88
2025-01-02 13:35,1.96
2025-01-02 13:36,1.19
2025-01-02 13:37,4.56
2025-01-02 13:38,4.38
2025-01-02 13:39,2.3
2025-01-02 13:40,4.45
2025-01-02 13:41,1.37
2025-01-02 13:42,1.64
2025-01-02 13:43,4.49
2025-01-02 13:44,4.96
2025-01-02 13:45,2.78
2025-01-02 13:46,1.15
2025-01-02 13:47,4.22
2025-01-02 13:48,4.26
2025-01-02 13:49,4.3
2025-01-02 13:50,4.81
2025-01-02 13:51,4.04
2025-01-02 13:52,3.03
2025-01-02 13:53,1.15
2025-01-02 13:54,3.34
2025-01-02 13:55,4.5
2025-01-02 13:56,2.67
2025-01-02 13:57,3.66
2025-01-02 13:58,3.33
2025-01-02 13:59,1.47
2025-01-02 14:00,2.27
2025-01-02 14:01,2.63
2025-01-02 14:02,2.76
2025-01-02 14:03,3.95
2025-01-02 14:04,2.45
2025-01-02 14:05,4.86
2025-01-02 14:06,4.44
2025-01-02 14:07,2.52
2025-01-02 14:08,2.4
2025-01-02 14:09,1.64
2025-01-02 14:10,4.33
2025-01-02 14:11,4.04
2025-01-02 14:12,1.43
2025-01-02 14:13,1.48
2025-01-02 14:14,3.13
2025-01-02 14:15,4.2
2025-01-02 14:16,4.6
2025-01-02 14:17,1.58
2025-01-02 14:18,1.14
2025-01-02 14:19,3.94
2025-01-02 14:20,2.9
2025-01-02 14:21,4.52
2025-01-02 14:22,3.09
2025-01-02 14:23,3.03
2025-01-02 14:24,3.87
2025-01-02 14:25,2.17
2025-01-02 14:26,3.97
2025-01-02 14:27,2.57
2025-01-02 14:28,2.57
2025-01-02 14:29,1.96
2025-01-02 14:30,2.57
2025-01-02 14:31,2.23
2025-01-02 14:32,2.72
2025-01-02 14:33,4.17
2025-01-02 14:34,3.75
2025-01-02 14:35,1.27
2025-01-02 14:36,2.89
2025-01-02 14:37,3.42
2025-01-02 14:38,4.82
2025-01-02 14:39,3.69
2025-01-02 14:40,3.87
2025-01-02 14:41,3.03
2025-01-02 14:42,4.57
2025-01-02 14:43,2.95
2025-01-02 14:44,2.1
2025-01-02 14:45,2.49
2025-01-02 14:46,1.52
2025-01-02 14:47,2.48
2025-01-02 14:48,3.38
2025-01-02 14:49,2.91
2025-01-02 14:50,1.17
2025-01-02 14:51,1.12
2025-01-02 14:52,4.37
2025-01-02 14:53,2.98
2025-01-02 14:54,1.5
2025-01-02 14:55,3.96
2025-01-02 14:56,1.2
2025-01-02 14:57,4.95
2025-01-02 14:58,2.16
2025-01-02 14:59,1.38
2025-01-02 15:00,3.76
2025-01-02 15:01,3.57
2025-01-02 15:02,2.8
2025-01-02 15:03,4.88
2025-01-02 15:04,2.36
2025-01-02 15:05,3.52
2025-01-02 15:06,4.31
2025-01-02 15:07,4.68
2025-01-02 15:08,1.84
2025-01-02 15:09,1.54
2025-01-02 15:10,3.14
2025-01-02 15:11,1.96
2025-01-02 15:12,3.06
2025-01-02 15:13,1.33
2025-01-02 15:14,3.64
2025-01-02 15:15,4.2
2025-01-02 15:16,3.91
2025-01-02 15:17,4.56
2025-01-02 15:18,3.77
2025-01-02 15:19,2.68
2025-01-02 15:20,2.09
2025-01-02 15:21,4.81
2025-01-02 15:22,2.7
2025-01-02 15:23,4.96
2025-01-02 15:24,4.05
2025-01-02 15:25,3.54
2025-01-02 15:26,1.1
2025-01-02 15:27,2.69
2025-01-02 15:28,1.26
2025-01-02 15:29,2.84
2025-01-02 15:30,4.5
2025-01-02 15:31,3.97
2025-01-02 15:32,3.52
2025-01-02 15:33,4.02
2025-01-02 15:34,3.1
2025-01-02 15:35,1.46
2025-01-02 15:36,3.14
2025-01-02 15:37,1.06
2025-01-02 15:38,4.63
2025-01-02 15:39,2.2
2025-01-02 15:40,1.99
2025-01-02 15:41,1.01
2025-01-02 15:42,2.44
2025-01-02 15:43,4.96
2025-01-02 15:44,3.48
2025-01-02 15:45,3.23
2025-01-02 15:46,4.0
2025-01-02 15:47,3.64
2025-01-02 15:48,3.67
2025-01-02 15:49,3.3
2025-01-02 15:50,3.48
2025-01-02 15:51,1.68
2025-01-02 15:52,4.01
2025-01-02 15:53,2.69
2025-01-02 15:54,1.61
2025-01-02 15:55,4.68
2025-01-02 15:56,1.23
2025-01-02 15:57,3.47
2025-01-02 15:58,4.81
2025-01-02 15:59,2.05
2025-01-02 16:00,2.65
2025-01-02 16:01,4.08
2025-01-02 16:02,4.66
2025-01-02 16:03,4.55
2025-01-02 16:04,3.63
2025-01-02 16:05,3.55
2025-01-02 16:06,3.28
2025-01-02 16:07,4.41
2025-01-02 16:08,4.81
2025-01-02 16:09,2.7
2025-01-02 16:10,1.66
2025-01-02 16:11,4.69
2025-01-02 16:12,4.18
2025-01-02 16:13,2.84
2025-01-02 16:14,3.79
2025-01-02 16:15,1.04
2025-01-02 16:16,4.26
2025-01-02 16:17,1.92
2025-01-02 16:18,2.17
2025-01-02 16:19,4.07
2025-01-02 16:20,2.29
2025-01-02 16:21,3.5
2025-01-02 16:22,3.02
2025-01-02 16:23,4.99
2025-01-02 16:24,2.13
2025-01-02 16:25,2.1
2025-01-02 16:26,4.58
2025-01-02 16:27,4.27
2025-01-02 16:28,3.11
2025-01-02 16:29,4.77
2025-01-02 16:30,1.91
2025-01-02 16:31,4.15
2025-01-02 16:32,1.53
2025-01-02 16:33,1.85
2025-01-02 16:34,3.84
2025-01-02 16:35,3.05
2025-01-02 16:36,1.2
2025-01-02 16:37,1.66
2025-01-02 16:38,3.58
2025-01-02 16:39,1.87
2025-01-02 16:40,1.54
2025-01-02 16:41,4.97
2025-01-02 16:42,4.03
2025-01-02 16:43,4.46
2025-01-02 16:44,2.17
2025-01-02 16:45,2.51
2025-01-02 16:46,3.66
2025-01-02 16:47,3.85
2025-01-02 16:48,4.78
2025-01-02 16:49,4.64
2025-01-02 16:50,1.03
2025-01-02 16:51,1.8
2025-01-02 16:52,4.05
2025-01-02 16:53,4.21
2025-01-02 16:54,2.07
2025-01-02 16:55,2.92
2025-01-02 16:56,3.15
2025-01-02 16:57,1.24
2025-01-02 16:58,2.63
2025-01-02 16:59,4.75
2025-01-02 17:00,3.18
2025-01-02 17:01,3.75
2025-01-02 17:02,2.25
2025-01-02 17:03,1.88
2025-01-02 17:04,2.49
2025-01-02 17:05,4.2
2025-01-02 17:06,2.29
2025-01-02 17:07,3.56
2025-01-02 17:08,3.45
2025-01-02 17:09,1.06
2025-01-02 17:10,4.77
2025-01-02 17:11,3.06
2025-01-02 17:12,1.98
2025-01-02 17:13,3.83
2025-01-02 17:14,1.11
2025-01-02 17:15,2.75
2025-01-02 17:16,4.11
2025-01-02 17:17,1.06
2025-01-02 17:18,2.04
2025-01-02 17:19,2.09
2025-01-02 17:20,2.95
2025-01-02 17:21,4.89
2025-01-02 17:22,2.99
2025-01-02 17:23,4.72
2025-01-02 17:24,3.06
2025-01-02 17:25,1.33
2025-01-02 17:26,4.37
2025-01-02 17:27,1.65
2025-01-02 17:28,4.04
2025-01-02 17:29,4.47
2025-01-02 17:30,2.63
2025-01-02 17:31,1.3
2025-01-02 17:32,4.43
2025-01-02 17:33,1.71
2025-01-02 17:34,1.57
2025-01-02 17:35,4.65
2025-01-02 17:36,4.78
2025-01-02 17:37,1.13
2025-01-02 17:38,4.29
2025-01-02 17:39,4.35
2025-01-02 17:40,3.13
2025-01-02 17:41,3.95
2025-01-02 17:42,1.25
2025-01-02 17:43,4.5
2025-01-02 17:44,1.8
2025-01-02 17:45,1.65
2025-01-02 17:46,4.5
2025-01-02 17:47,4.57
2025-01-02 17:48,4.18
2025-01-02 17:49,1.36
2025-01-02 17:50,4.27
2025-01-02 17:51,1.61
2025-01-02 17:52,3.72
2025-01-02 17:53,3.28
2025-01-02 17:54,4.51
2025-01-02 17:55,4.02
2025-01-02 17:56,2.1
2025-01-02 17:57,3.57
2025-01-02 17:58,4.19
2025-01-02 17:59,4.02
2025-01-02 18:00,4.14
2025-01-02 18:01,1.46
2025-01-02 18:02,4.75
2025-01-02 18:03,3.31
2025-01-02 18:04,2.73
2025-01-02 18:05,2.51
2025-01-02 18:06,3.22
2025-01-02 18:07,2.39
2025-01-02 18:08,2.07
2025-01-02 18:09,3.49
2025-01-02 18:10,4.38
2025-01-02 18:11,3.09
2025-01-02 18:12,3.68
2025-01-02 18:13,2.65
2025-01-02 18:14,4.17
2025-01-02 18:15,2.83
2025-01-02 18:16,2.14
2025-01-02 18:17,3.88
2025-01-02 18:18,4.13
2025-01-02 18:19,1.07
2025-01-02 18:20,1.57
2025-01-02 18:21,4.43
2025-01-02 18:22,2.71
2025-01-02 18:23,3.06
2025-01-02 18:24,3.38
2025-01-02 18:25,4.53
2025-01-02 18:26,3.66
2025-01-02 18:27,2.97
2025-01-02 18:28,2.6
2025-01-02 18:29,4.67
2025-01-02 18:30,3.87
2025-01-02 18:31,4.14
2025-01-02 18:32,4.12
2025-01-02 18:33,2.08
2025-01-02 18:34,1.51
2025-01-02 18:35,1.42
2025-01-02 18:36,2.33
2025-01-02 18:37,4.67
2025-01-02 18:38,3.0
2025-01-02 18:39,4.5
2025-01-02 18:40,1.39
2025-01-02 18:41,1.6
2025-01-02 18:42,4.68
2025-01-02 18:43,4.77
2025-01-02 18:44,4.56
2025-01-02 18:45,1.69
2025-01-02 18:46,1.42
2025-01-02 18:47,3.94
2025-01-02 18:48,4.81
2025-01-02 18:49,3.8
2025-01-02 18:50,3.2
2025-01-02 18:51,2.59
2025-01-02 18:52,1.45
2025-01-02 18:53,3.75
2025-01-02 18:54,1.37
2025-01-02 18:55,1.26
2025-01-02 18:56,3.54
2025-01-02 18:57,4.18
2025-01-02 18:58,1.64
2025-01-02 18:59,1.6
2025-01-02 19:00,1.79
2025-01-02 19:01,3.73
2025-01-02 19:02,3.38
2025-01-02 19:03,1.19
2025-01-02 19:04,4.11
2025-01-02 19:05,3.66
2025-01-02 19:06,2.14
2025-01-02 19:07,1.86
2025-01-02 19:08,4.65
2025-01-02 19:09,2.75
2025-01-02 19:10,2.79
2025-01-02 19:11,3.77
2025-01-02 19:12,4.23
2025-01-02 19:13,4.53
2025-01-02 19:14,2.83
2025-01-02 19:15,4.31
2025-01-02 19:16,1.32
2025-01-02 19:17,2.71
2025-01-02 19:18,1.56
2025-01-02 19:19,4.56
2025-01-02 19:20,1.99
2025-01-02 19:21,3.75
2025-01-02 19:22,1.5
2025-01-02 19:23,3.05
2025-01-02 19:24,1.88
2025-01-02 19:25,4.62
2025-01-02 19:26,4.5
2025-01-02 19:27,4.37
2025-01-02 19:28,3.3
2025-01-02 19:29,4.66
2025-01-02 19:30,3.25
2025-01-02 19:31,1.82
2025-01-02 19:32,1.82
2025-01-02 19:33,2.93
2025-01-02 19:34,1.67
2025-01-02 19:35,1.01
2025-01-02 19:36,4.33
2025-01-02 19:37,1.0
2025-01-02 19:38,2.53
2025-01-02 19:39,4.74
2025-01-02 19:40,1.07
2025-01-02 19:41,1.74
2025-01-02 19:42,3.12
2025-01-02 19:43,3.37
2025-01-02 19:44,2.0
2025-01-02 19:45,3.07
2025-01-02 19:46,3.07
2025-01-02 19:47,1.14
2025-01-02 19:48,2.29
2025-01-02 19:49,1.05
2025-01-02 19:50,3.21
2025-01-02 19:51,2.8
2025-01-02 19:52,4.67
2025-01-02 19:53,2.28
2025-01-02 19:54,4.38
2025-01-02 19:55,1.3
2025-01-02 19:56,1.92
2025-01-02 19:57,2.23
2025-01-02 19:58,3.63
2025-01-02 19:59,2.46
2025-01-02 20:00,2.33
2025-01-02 20:01,2.9
2025-01-02 20:02,4.49
2025-01-02 20:03,4.67
2025-01-02 20:04,1.32
2025-01-02 20:05,1.41
2025-01-02 20:06,3.43
2025-01-02 20:07,2.84
2025-01-02 20:08,2.95
2025-01-02 20:09,3.48
2025-01-02 20:10,4.91
2025-01-02 20:11,1.69
2025-01-02 20:12,3.24
2025-01-02 20:13,1.83
2025-01-02 20:14,1.78
2025-01-02 20:15,3.28
2025-01-02 20:16,4.49
2025-01-02 20:17,4.79
2025-01-02 20:18,2.69
2025-01-02 20:19,1.44
2025-01-02 20:20,1.15
2025-01-02 20:21,4.01
2025-01-02 20:22,1.75
2025-01-02 20:23,4.81
2025-01-02 20:24,4.09
2025-01-02 20:25,4.12
2025-01-02 20:26,3.94
2025-01-02 20:27,1.14
2025-01-02 20:28,4.9
2025-01-02 20:29,1.36
2025-01-02 20:30,1.99
2025-01-02 20:31,3.24
2025-01-02 20:32,2.95
2025-01-02 20:33,2.4
2025-01-02 20:34,2.76
2025-01-02 20:35,4.48
2025-01-02 20:36,3.36
2025-01-02 20:37,3.17
2025-01-02 20:38,4.38
2025-01-02 20:39,3.8
2025-01-02 20:40,1.26
2025-01-02 20:41,2.83
2025-01-02 20:42,2.53
2025-01-02 20:43,1.52
2025-01-02 20:44,3.43
2025-01-02 20:45,4.66
2025-01-02 20:46,3.29
2025-01-02 20:47,4.67
2025-01-02 20:48,4.43
2025-01-02 20:49,3.24
2025-01-02 20:50,1.08
2025-01-02 20:51,1.25
2025-01-02 20:52,4.82
2025-01-02 20:53,2.81
2025-01-02 20:54,1.7
2025-01-02 20:55,1.68
2025-01-02 20:56,3.21
2025-01-02 20:57,1.96
2025-01-02 20:58,2.1
2025-01-02 20:59,4.18
2025-01-02 21:00,1.31
2025-01-02 21:01,1.51
2025-01-02 21:02,1.53
2025-01-02 21:03,1.49
2025-01-02 21:04,4.11
2025-01-02 21:05,2.28
2025-01-02 21:06,2.16
2025-01-02 21:07,4.29
2025-01-02 21:08,2.21
2025-01-02 21:09,1.37
2025-01-02 21:10,3.84
2025-01-02 21:11,1.8
2025-01-02 21:12,1.15
2025-01-02 21:13,4.95
2025-01-02 21:14,2.38
2025-01-02 21:15,1.99
2025-01-02 21:16,4.8
2025-01-02 21:17,3.98
2025-01-02 21:18,3.12
2025-01-02 21:19,4.62
2025-01-02 21:20,4.42
2025-01-02 21:21,3.3
2025-01-02 21:22,2.0
2025-01-02 21:23,4.39
2025-01-02 21:24,3.75
2025-01-02 21:25,3.15
2025-01-02 21:26,3.53
2025-01-02 21:27,4.58
2025-01-02 21:28,1.86
2025-01-02 21:29,4.24
2025-01-02 21:30,4.92
2025-01-02 21:31,1.45
2025-01-02 21:32,2.78
2025-01-02 21:33,2.31
2025-01-02 21:34,2.86
2025-01-02 21:35,3.19
2025-01-02 21:36,4.76
2025-01-02 21:37,1.31
2025-01-02 21:38,1.75
2025-01-02 21:39,4.91
2025-01-02 21:40,1.84
2025-01-02 21:41,2.97
2025-01-02 21:42,5.0
2025-01-02 21:43,2.95
2025-01-02 21:44,4.04
2025-01-02 21:45,1.79
2025-01-02 21:46,1.19
2025-01-02 21:47,3.89
2025-01-02 21:48,2.7
2025-01-02 21:49,3.63
2025-01-02 21:50,1.25
2025-01-02 21:51,4.04
2025-01-02 21:52,3.5
2025-01-02 21:53,1.35
2025-01-02 21:54,3.43
2025-01-02 21:55,4.82
2025-01-02 21:56,2.03
2025-01-02 21:57,1.42
2025-01-02 21:58,1.36
2025-01-02 21:59,1.96
2025-01-02 22:00,3.09
2025-01-02 22:01,2.88
2025-01-02 22:02,4.8
2025-01-02 22:03,1.89
2025-01-02 22:04,2.88
2025-01-02 22:05,4.3
2025-01-02 22:06,3.18
2025-01-02 22:07,3.63
2025-01-02 22:08,4.63
2025-01-02 22:09,2.82
2025-01-02 22:10,2.65
2025-01-02 22:11,2.8
2025-01-02 22:12,3.27
2025-01-02 22:13,3.58
2025-01-02 22:14,2.93
2025-01-02 22:15,1.95
2025-01-02 22:16,3.22
2025-01-02 22:17,5.0
2025-01-02 22:18,2.54
2025-01-02 22:19,1.7
2025-01-02 22:20,1.73
2025-01-02 22:21,4.4
2025-01-02 22:22,4.42
2025-01-02 22:23,4.62
2025-01-02 22:24,3.66
2025-01-02 22:25,2.3
2025-01-02 22:26,2.25
2025-01-02 22:27,3.45
2025-01-02 22:28,4.69
2025-01-02 22:29,1.91
2025-01-02 22:30,1.2
2025-01-02 22:31,1.72
2025-01-02 22:32,4.84
2025-01-02 22:33,4.12
2025-01-02 22:34,1.16
2025-01-02 22:35,1.75
2025-01-02 22:36,1.13
2025-01-02 22:37,3.77
2025-01-02 22:38,2.65
2025-01-02 22:39,1.17
2025-01-02 22:40,3.94
2025-01-02 22:41,3.46
2025-01-02 22:42,3.22
2025-01-02 22:43,4.25
2025-01-02 22:44,1.76
2025-01-02 22:45,2.28
2025-01-02 22:46,3.95
2025-01-02 22:47,3.78
2025-01-02 22:48,1.87
2025-01-02 22:49,1.87
2025-01-02 22:50,3.3
2025-01-02 22:51,3.1
2025-01-02 22:52,2.38
2025-01-02 22:53,1.26
2025-01-02 22:54,3.33
2025-01-02 22:55,4.73
2025-01-02 22:56,2.83
2025-01-02 22:57,1.57
2025-01-02 22:58,1.37
2025-01-02 22:59,3.37
2025-01-02 23:00,2.08
2025-01-02 23:01,4.4
2025-01-02 23:02,2.08
2025-01-02 23:03,2.18
2025-01-02 23:04,4.1
2025-01-02 23:05,1.26
2025-01-02 23:06,1.24
2025-01-02 23:07,4.0
2025-01-02 23:08,1.47
2025-01-02 23:09,3.79
2025-01-02 23:10,4.5
2025-01-02 23:11,4.09
2025-01-02 23:12,2.96
2025-01-02 23:13,4.33
2025-01-02 23:14,2.3
2025-01-02 23:15,1.52
2025-01-02 23:16,1.17
2025-01-02 23:17,2.07
2025-01-02 23:18,4.45
2025-01-02 23:19,2.75
2025-01-02 23:20,2.69
2025-01-02 23:21,2.79
2025-01-02 23:22,1.35
2025-01-02 23:23,3.65
2025-01-02 23:24,4.51
2025-01-02 23:25,2.4
2025-01-02 23:26,2.35
2025-01-02 23:27,3.65
2025-01-02 23:28,3.57
2025-01-02 23:29,4.72
2025-01-02 23:30,3.69
2025-01-02 23:31,1.29
2025-01-02 23:32,3.65
2025-01-02 23:33,2.71
2025-01-02 23:34,2.97
2025-01-02 23:35,4.52
2025-01-02 23:36,1.75
2025-01-02 23:37,4.11
2025-01-02 23:38,3.85
2025-01-02 23:39,2.92
2025-01-02 23:40,4.29
2025-01-02 23:41,3.84
2025-01-02 23:42,1.32
2025-01-02 23:43,3.5
2025-01-02 23:44,2.79
2025-01-02 23:45,3.68
2025-01-02 23:46,1.57
2025-01-02 23:47,4.88
2025-01-02 23:48,2.58
2025-01-02 23:49,4.97
2025-01-02 23:50,4.39
2025-01-02 23:51,2.1
2025-01-02 23:52,2.42
2025-01-02 23:53,1.2
2025-01-02 23:54,2.77
2025-01-02 23:55,4.44
2025-01-02 23:56,2.81
2025-01-02 23:57,2.57
2025-01-02 23:58,2.5
2025-01-02 23:59,4.08
2025-01-03 00:00,3.3
2025-01-03 00:01,3.41
2025-01-03 00:02,3.5
2025-01-03 00:03,1.41
2025-01-03 00:04,4.62
2025-01-03 00:05,4.71
2025-01-03 00:06,3.19
2025-01-03 00:07,3.26
2025-01-03 00:08,1.57
2025-01-03 00:09,3.96
2025-01-03 00:10,2.23
2025-01-03 00:11,4.38
2025-01-03 00:12,2.42
2025-01-03 00:13,3.31
2025-01-03 00:14,4.39
2025-01-03 00:15,2.02
2025-01-03 00:16,4.51
2025-01-03 00:17,2.37
2025-01-03 00:18,2.14
2025-01-03 00:19,4.7
2025-01-03 00:20,1.86
2025-01-03 00:21,2.37
2025-01-03 00:22,1.8
2025-01-03 00:23,1.6
2025-01-03 00:24,1.32
2025-01-03 00:25,1.07
2025-01-03 00:26,2.4
2025-01-03 00:27,4.76
2025-01-03 00:28,1.04
2025-01-03 00:29,1.47
2025-01-03 00:30,1.98
2025-01-03 00:31,3.75
2025-01-03 00:32,1.23
2025-01-03 00:33,1.53
2025-01-03 00:34,4.91
2025-01-03 00:35,3.35
2025-01-03 00:36,4.17
2025-01-03 00:37,1.91
2025-01-03 00:38,1.67
2025-01-03 00:39,2.92
2025-01-03 00:40,4.66
2025-01-03 00:41,1.09
2025-01-03 00:42,3.93
2025-01-03 00:43,4.22
2025-01-03 00:44,4.28
2025-01-03 00:45,3.96
2025-01-03 00:46,4.17
2025-01-03 00:47,4.02
2025-01-03 00:48,3.0
2025-01-03 00:49,3.22
2025-01-03 00:50,4.42
2025-01-03 00:51,4.72
2025-01-03 00:52,4.3
2025-01-03 00:53,4.72
2025-01-03 00:54,4.17
2025-01-03 00:55,1.46
2025-01-03 00:56,1.73
2025-01-03 00:57,1.24
2025-01-03 00:58,4.8
2025-01-03 00:59,3.21
2025-01-03 01:00,3.33
2025-01-03 01:01,4.74
2025-01-03 01:02,2.02
2025-01-03 01:03,1.22
2025-01-03 01:04,4.41
2025-01-03 01:05,2.0
2025-01-03 01:06,2.8
2025-01-03 01:07,3.17
2025-01-03 01:08,1.3
2025-01-03 01:09,2.13
2025-01-03 01:10,4.46
2025-01-03 01:11,2.66
2025-01-03 01:12,3.89
2025-01-03 01:13,4.64
2025-01-03 01:14,4.64
2025-01-03 01:15,2.71
2025-01-03 01:16,3.9
2025-01-03 01:17,3.8
2025-01-03 01:18,1.91
2025-01-03 01:19,4.52
2025-01-03 01:20,3.96
2025-01-03 01:21,1.53
2025-01-03 01:22,1.7
2025-01-03 01:23,1.76
2025-01-03 01:24,2.31
2025-01-03 01:25,3.14
2025-01-03 01:26,1.33
2025-01-03 01:27,2.66
2025-01-03 01:28,3.55
2025-01-03 01:29,2.82
2025-01-03 01:30,1.68
2025-01-03 01:31,3.66
2025-01-03 01:32,3.75
2025-01-03 01:33,2.54
2025-01-03 01:34,2.91
2025-01-03 01:35,3.93
2025-01-03 01:36,4.26
2025-01-03 01:37,2.19
2025-01-03 01:38,4.76
2025-01-03 01:39,3.04
2025-01-03 01:40,2.34
2025-01-03 01:41,2.79
2025-01-03 01:42,2.49
2025-01-03 01:43,4.1
2025-01-03 01:44,4.01
2025-01-03 01:45,2.05
2025-01-03 01:46,2.95
2025-01-03 01:47,2.26
2025-01-03 01:48,1.51
2025-01-03 01:49,4.23
2025-01-03 01:50,2.25
2025-01-03 01:51,4.23
2025-01-03 01:52,3.62
2025-01-03 01:53,2.42
2025-01-03 01:54,4.51
2025-01-03 01:55,2.04
2025-01-03 01:56,4.74
2025-01-03 01:57,1.14
2025-01-03 01:58,2.09
2025-01-03 01:59,2.99
2025-01-03 02:00,3.56
2025-01-03 02:01,3.19
2025-01-03 02:02,2.99
2025-01-03 02:03,3.34
2025-01-03 02:04,2.31
2025-01-03 02:05,3.99
2025-01-03 02:06,2.06
2025-01-03 02:07,1.95
2025-01-03 02:08,4.28
2025-01-03 02:09,4.5
2025-01-03 02:10,1.06
2025-01-03 02:11,1.09
2025-01-03 02:12,3.71
2025-01-03 02:13,4.3
2025-01-03 02:14,4.34
2025-01-03 02:15,2.85
2025-01-03 02:16,3.68
2025-01-03 02:17,4.68
2025-01-03 02:18,4.22
2025-01-03 02:19,2.17
2025-01-03 02:20,4.54
2025-01-03 02:21,4.39
2025-01-03 02:22,1.97
2025-01-03 02:23,1.83
2025-01-03 02:24,3.3
2025-01-03 02:25,2.17
2025-01-03 02:26,1.46
2025-01-03 02:27,1.77
2025-01-03 02:28,2.97
2025-01-03 02:29,3.67
2025-01-03 02:30,3.14
2025-01-03 02:31,4.91
2025-01-03 02:32,2.78
2025-01-03 02:33,3.01
2025-01-03 02:34,2.28
2025-01-03 02:35,2.37
2025-01-03 02:36,1.07
2025-01-03 02:37,2.65
2025-01-03 02:38,2.67
2025-01-03 02:39,2.04
2025-01-03 02:40,1.58
2025-01-03 02:41,2.31
2025-01-03 02:42,4.73
2025-01-03 02:43,2.67
2025-01-03 02:44,3.62
2025-01-03 02:45,1.86
2025-01-03 02:46,4.03
2025-01-03 02:47,1.65
2025-01-03 02:48,3.38
2025-01-03 02:49,4.56
2025-01-03 02:50,4.47
2025-01-03 02:51,3.35
2025-01-03 02:52,3.79
2025-01-03 02:53,2.32
2025-01-03 02:54,1.88
2025-01-03 02:55,1.42
2025-01-03 02:56,2.16
2025-01-03 02:57,2.36
2025-01-03 02:58,4.16
2025-01-03 02:59,2.53
2025-01-03 03:00,1.2
2025-01-03 03:01,1.9
2025-01-03 03:02,4.12
2025-01-03 03:03,2.3
2025-01-03 03:04,4.64
2025-01-03 03:05,3.36
2025-01-03 03:06,3.01
2025-01-03 03:07,4.15
2025-01-03 03:08,2.35
2025-01-03 03:09,3.37
2025-01-03 03:10,3.26
2025-01-03 03:11,2.29
2025-01-03 03:12,4.78
2025-01-03 03:13,1.9
2025-01-03 03:14,4.23
2025-01-03 03:15,1.1
2025-01-03 03:16,4.94
2025-01-03 03:17,1.65
2025-01-03 03:18,2.99
2025-01-03 03:19,1.43
2025-01-03 03:20,3.81
2025-01-03 03:21,3.83
2025-01-03 03:22,3.73
2025-01-03 03:23,3.1
2025-01-03 03:24,1.87
2025-01-03 03:25,4.18
2025-01-03 03:26,4.02
2025-01-03 03:27,4.47
2025-01-03 03:28,3.06
2025-01-03 03:29,2.53
2025-01-03 03:30,1.43
2025-01-03 03:31,1.48
2025-01-03 03:32,2.91
2025-01-03 03:33,2.36
2025-01-03 03:34,4.84
2025-01-03 03:35,4.13
2025-01-03 03:36,3.58
2025-01-03 03:37,1.92
2025-01-03 03:38,4.22
2025-01-03 03:39,2.35
2025-01-03 03:40,3.81
2025-01-03 03:41,3.69
2025-01-03 03:42,3.3
2025-01-03 03:43,4.75
2025-01-03 03:44,1.92
2025-01-03 03:45,2.78
2025-01-03 03:46,1.91
2025-01-03 03:47,1.76
2025-01-03 03:48,1.63
2025-01-03 03:49,4.49
2025-01-03 03:50,2.44
2025-01-03 03:51,2.86
2025-01-03 03:52,3.86
2025-01-03 03:53,3.44
2025-01-03 03:54,3.22
2025-01-03 03:55,3.15
2025-01-03 03:56,2.92
2025-01-03 03:57,2.41
2025-01-03 03:58,1.58
2025-01-03 03:59,3.91
2025-01-03 04:00,4.72
2025-01-03 04:01,2.91
2025-01-03 04:02,4.97
2025-01-03 04:03,2.56
2025-01-03 04:04,1.8
2025-01-03 04:05,2.41
2025-01-03 04:06,2.34
2025-01-03 04:07,4.07
2025-01-03 04:08,2.28
2025-01-03 04:09,4.89
2025-01-03 04:10,2.92
2025-01-03 04:11,4.65
2025-01-03 04:12,3.86
2025-01-03 04:13,4.57
2025-01-03 04:14,2.03
2025-01-03 04:15,2.22
2025-01-03 04:16,2.22
2025-01-03 04:17,4.5
2025-01-03 04:18,3.33
2025-01-03 04:19,2.53
2025-01-03 04:20,2.68
2025-01-03 04:21,1.18
2025-01-03 04:22,2.75
2025-01-03 04:23,2.52
2025-01-03 04:24,3.12
2025-01-03 04:25,3.78
2025-01-03 04:26,2.84
2025-01-03 04:27,3.41
2025-01-03 04:28,2.51
2025-01-03 04:29,2.65
2025-01-03 04:30,2.11
2025-01-03 04:31,4.83
2025-01-03 04:32,3.75
2025-01-03 04:33,1.69
2025-01-03 04:34,4.79
2025-01-03 04:35,3.53
2025-01-03 04:36,1.27
2025-01-03 04:37,2.71
2025-01-03 04:38,4.28
2025-01-03 04:39,1.17
2025-01-03 04:40,2.69
2025-01-03 04:41,1.46
2025-01-03 04:42,2.47
2025-01-03 04:43,1.87
2025-01-03 04:44,3.77
2025-01-03 04:45,2.32
2025-01-03 04:46,3.81
2025-01-03 04:47,2.02
2025-01-03 04:48,2.76
2025-01-03 04:49,4.49
2025-01-03 04:50,3.31
2025-01-03 04:51,2.28
2025-01-03 04:52,4.41
2025-01-03 04:53,4.64
2025-01-03 04:54,2.92
2025-01-03 04:55,2.86
2025-01-03 04:56,2.91
2025-01-03 04:57,4.75
2025-01-03 04:58,4.96
2025-01-03 04:59,4.9
2025-01-03 05:00,2.82
2025-01-03 05:01,4.39
2025-01-03 05:02,4.84
2025-01-03 05:03,1.26
2025-01-03 05:04,1.81
2025-01-03 05:05,3.93
2025-01-03 05:06,4.58
2025-01-03 05:07,1.02
2025-01-03 05:08,2.3
2025-01-03 05:09,3.64
2025-01-03 05:10,4.42
2025-01-03 05:11,3.99
2025-01-03 05:12,1.23
2025-01-03 05:13,4.62
2025-01-03 05:14,4.98
2025-01-03 05:15,3.08
2025-01-03 05:16,2.5
2025-01-03 05:17,1.07
2025-01-03 05:18,1.37
2025-01-03 05:19,2.82
2025-01-03 05:20,2.14
2025-01-03 05:21,3.92
2025-01-03 05:22,4.05
2025-01-03 05:23,3.64
2025-01-03 05:24,4.63
2025-01-03 05:25,4.88
2025-01-03 05:26,4.17
2025-01-03 05:27,2.33
2025-01-03 05:28,4.41
2025-01-03 05:29,2.48
2025-01-03 05:30,2.31
2025-01-03 05:31,2.25
2025-01-03 05:32,2.64
2025-01-03 05:33,1.06
2025-01-03 05:34,2.3
2025-01-03 05:35,2.26
2025-01-03 05:36,4.96
2025-01-03 05:37,1.72
2025-01-03 05:38,2.05
2025-01-03 05:39,2.74
2025-01-03 05:40,3.15
2025-01-03 05:41,1.23
2025-01-03 05:42,3.93
2025-01-03 05:43,2.24
2025-01-03 05:44,2.05
2025-01-03 05:45,1.77
2025-01-03 05:46,2.3
2025-01-03 05:47,2.07
2025-01-03 05:48,2.59
2025-01-03 05:49,1.52
2025-01-03 05:50,1.35
2025-01-03 05:51,4.37
2025-01-03 05:52,4.36
2025-01-03 05:53,1.98
2025-01-03 05:54,1.26
2025-01-03 05:55,1.76
2025-01-03 05:56,1.02
2025-01-03 05:57,1.94
2025-01-03 05:58,3.22
2025-01-03 05:59,1.29
2025-01-03 06:00,3.9
2025-01-03 06:01,2.06
2025-01-03 06:02,3.49
2025-01-03 06:03,2.07
2025-01-03 06:04,3.19
2025-01-03 06:05,3.09
2025-01-03 06:06,3.48
2025-01-03 06:07,3.1
2025-01-03 06:08,1.54
2025-01-03 06:09,3.51
2025-01-03 06:10,1.23
2025-01-03 06:11,3.67
2025-01-03 06:12,3.34
2025-01-03 06:13,4.9
2025-01-03 06:14,1.69
2025-01-03 06:15,1.26
2025-01-03 06:16,4.13
2025-01-03 06:17,1.13
2025-01-03 06:18,1.44
2025-01-03 06:19,3.28
2025-01-03 06:20,4.4
2025-01-03 06:21,3.01
2025-01-03 06:22,4.21
2025-01-03 06:23,2.51
2025-01-03 06:24,3.07
2025-01-03 06:25,3.63
2025-01-03 06:26,4.7
2025-01-03 06:27,1.09
2025-01-03 06:28,3.62
2025-01-03 06:29,4.71
2025-01-03 06:30,4.42
2025-01-03 06:31,4.88
2025-01-03 06:32,4.88
2025-01-03 06:33,3.06
2025-01-03 06:34,1.29
2025-01-03 06:35,2.7
2025-01-03 06:36,2.84
2025-01-03 06:37,2.53
2025-01-03 06:38,2.85
2025-01-03 06:39,3.16
2025-01-03 06:40,1.32
2025-01-03 06:41,4.54
2025-01-03 06:42,1.04
2025-01-03 06:43,1.63
2025-01-03 06:44,3.99
2025-01-03 06:45,2.19
2025-01-03 06:46,4.64
2025-01-03 06:47,2.87
2025-01-03 06:48,1.79
2025-01-03 06:49,4.04
2025-01-03 06:50,1.39
2025-01-03 06:51,1.73
2025-01-03 06:52,3.88
2025-01-03 06:53,4.7
2025-01-03 06:54,3.52
2025-01-03 06:55,1.8
2025-01-03 06:56,4.85
2025-01-03 06:57,2.32
2025-01-03 06:58,4.58
2025-01-03 06:59,4.84
2025-01-03 07:00,3.5
2025-01-03 07:01,2.69
2025-01-03 07:02,2.37
2025-01-03 07:03,2.9
2025-01-03 07:04,2.97
2025-01-03 07:05,3.05
2025-01-03 07:06,3.33
2025-01-03 07:07,3.68
2025-01-03 07:08,3.77
2025-01-03 07:09,4.72
2025-01-03 07:10,2.2
2025-01-03 07:11,1.4
2025-01-03 07:12,3.85
2025-01-03 07:13,1.39
2025-01-03 07:14,3.62
2025-01-03 07:15,1.81
2025-01-03 07:16,4.71
2025-01-03 07:17,4.29
2025-01-03 07:18,1.4
2025-01-03 07:19,4.34
2025-01-03 07:20,1.9
2025-01-03 07:21,4.98
2025-01-03 07:22,4.97
2025-01-03 07:23,1.21
2025-01-03 07:24,2.85
2025-01-03 07:25,1.61
2025-01-03 07:26,2.67
2025-01-03 07:27,4.81
2025-01-03 07:28,2.39
2025-01-03 07:29,1.4
2025-01-03 07:30,4.97
2025-01-03 07:31,2.22
2025-01-03 07:32,1.55
2025-01-03 07:33,3.63
2025-01-03 07:34,3.11
2025-01-03 07:35,4.16
2025-01-03 07:36,3.35
2025-01-03 07:37,3.61
2025-01-03 07:38,2.34
2025-01-03 07:39,1.08
2025-01-03 07:40,4.72
2025-01-03 07:41,4.51
2025-01-03 07:42,2.82
2025-01-03 07:43,4.26
2025-01-03 07:44,4.75
2025-01-03 07:45,2.9
2025-01-03 07:46,3.44
2025-01-03 07:47,3.76
2025-01-03 07:48,4.5
2025-01-03 07:49,1.23
2025-01-03 07:50,2.8
2025-01-03 07:51,1.77
2025-01-03 07:52,4.69
2025-01-03 07:53,3.25
2025-01-03 07:54,4.04
2025-01-03 07:55,1.62
2025-01-03 07:56,2.6
2025-01-03 07:57,2.61
2025-01-03 07:58,4.81
2025-01-03 07:59,3.61
2025-01-03 08:00,4.92
2025-01-03 08:01,2.56
2025-01-03 08:02,2.37
2025-01-03 08:03,2.11
2025-01-03 08:04,4.17
2025-01-03 08:05,2.58
2025-01-03 08:06,3.55
2025-01-03 08:07,1.75
2025-01-03 08:08,3.5
2025-01-03 08:09,4.33
2025-01-03 08:10,1.29
2025-01-03 08:11,3.02
2025-01-03 08:12,2.61
2025-01-03 08:13,3.3
2025-01-03 08:14,3.01
2025-01-03 08:15,2.38
2025-01-03 08:16,3.31
2025-01-03 08:17,2.39
2025-01-03 08:18,1.49
2025-01-03 08:19,1.95
2025-01-03 08:20,1.94
2025-01-03 08:21,4.53
2025-01-03 08:22,3.47
2025-01-03 08:23,2.1
2025-01-03 08:24,3.69
2025-01-03 08:25,1.17
2025-01-03 08:26,3.94
2025-01-03 08:27,4.83
2025-01-03 08:28,1.72
2025-01-03 08:29,3.84
2025-01-03 08:30,4.57
2025-01-03 08:31,2.61
2025-01-03 08:32,3.35
2025-01-03 08:33,3.64
2025-01-03 08:34,4.15
2025-01-03 08:35,3.99
2025-01-03 08:36,2.04
2025-01-03 08:37,2.97
2025-01-03 08:38,1.76
2025-01-03 08:39,2.21
2025-01-03 08:40,2.89
2025-01-03 08:41,3.01
2025-01-03 08:42,4.63
2025-01-03 08:43,4.9
2025-01-03 08:44,3.87
2025-01-03 08:45,4.6
2025-01-03 08:46,2.58
2025-01-03 08:47,2.64
2025-01-03 08:48,2.97
2025-01-03 08:49,4.58
2025-01-03 08:50,3.11
2025-01-03 08:51,4.19
2025-01-03 08:52,4.91
2025-01-03 08:53,3.29
2025-01-03 08:54,3.27
2025-01-03 08:55,3.7
2025-01-03 08:56,3.73
2025-01-03 08:57,1.64
2025-01-03 08:58,3.51
2025-01-03 08:59,2.53
2025-01-03 09:00,4.74
2025-01-03 09:01,2.11
2025-01-03 09:02,3.56
2025-01-03 09:03,1.59
2025-01-03 09:04,4.75
2025-01-03 09:05,2.83
2025-01-03 09:06,2.86
2025-01-03 09:07,1.01
2025-01-03 09:08,2.31
2025-01-03 09:09,4.8
2025-01-03 09:10,3.42
2025-01-03 09:11,2.35
2025-01-03 09:12,3.76
2025-01-03 09:13,1.67
2025-01-03 09:14,4.24
2025-01-03 09:15,1.18
2025-01-03 09:16,1.84
2025-01-03 09:17,3.17
2025-01-03 09:18,2.58
2025-01-03 09:19,2.26
2025-01-03 09:20,4.03
2025-01-03 09:21,2.43
2025-01-03 09:22,4.81
2025-01-03 09:23,3.52
2025-01-03 09:24,3.76
2025-01-03 09:25,2.95
2025-01-03 09:26,4.38
2025-01-03 09:27,4.02
2025-01-03 09:28,1.33
2025-01-03 09:29,2.53
2025-01-03 09:30,3.62
2025-01-03 09:31,1.18
2025-01-03 09:32,4.59
2025-01-03 09:33,3.83
2025-01-03 09:34,4.56
2025-01-03 09:35,3.82
2025-01-03 09:36,1.8
2025-01-03 09:37,1.21
2025-01-03 09:38,1.05
2025-01-03 09:39,4.47
2025-01-03 09:40,4.99
2025-01-03 09:41,2.95
2025-01-03 09:42,1.24
2025-01-03 09:43,4.81
2025-01-03 09:44,3.02
2025-01-03 09:45,1.87
2025-01-03 09:46,2.2
2025-01-03 09:47,3.06
2025-01-03 09:48,4.35
2025-01-03 09:49,4.6
2025-01-03 09:50,1.77
2025-01-03 09:51,3.84
2025-01-03 09:52,2.13
2025-01-03 09:53,1.8
2025-01-03 09:54,2.14
2025-01-03 09:55,2.36
2025-01-03 09:56,3.28
2025-01-03 09:57,1.92
2025-01-03 09:58,1.12
2025-01-03 09:59,1.08
2025-01-03 10:00,1.83
2025-01-03 10:01,1.06
2025-01-03 10:02,2.0
2025-01-03 10:03,4.97
2025-01-03 10:04,4.04
2025-01-03 10:05,3.91
2025-01-03 10:06,3.63
2025-01-03 10:07,3.17
2025-01-03 10:08,1.95
2025-01-03 10:09,3.92
2025-01-03 10:10,3.59
2025-01-03 10:11,3.71
2025-01-03 10:12,3.54
2025-01-03 10:13,3.04
2025-01-03 10:14,4.23
2025-01-03 10:15,3.35
2025-01-03 10:16,4.19
2025-01-03 10:17,4.15
2025-01-03 10:18,3.26
2025-01-03 10:19,3.07
2025-01-03 10:20,1.83
2025-01-03 10:21,3.95
2025-01-03 10:22,2.45
2025-01-03 10:23,3.62
2025-01-03 10:24,2.3
2025-01-03 10:25,1.7
2025-01-03 10:26,1.51
2025-01-03 10:27,4.07
2025-01-03 10:28,4.24
2025-01-03 10:29,4.03
2025-01-03 10:30,1.13
2025-01-03 10:31,3.88
2025-01-03 10:32,1.62
2025-01-03 10:33,2.58
2025-01-03 10:34,2.14
2025-01-03 10:35,3.74
2025-01-03 10:36,4.65
2025-01-03 10:37,3.52
2025-01-03 10:38,3.28
2025-01-03 10:39,1.62
2025-01-03 10:40,2.52
2025-01-03 10:41,1.72
2025-01-03 10:42,2.97
2025-01-03 10:43,2.97
2025-01-03 10:44,4.16
2025-01-03 10:45,1.77
2025-01-03 10:46,1.91
2025-01-03 10:47,4.37
2025-01-03 10:48,2.6
2025-01-03 10:49,1.62
2025-01-03 10:50,2.96
2025-01-03 10:51,4.53
2025-01-03 10:52,3.94
2025-01-03 10:53,4.5
2025-01-03 10:54,2.51
2025-01-03 10:55,3.01
2025-01-03 10:56,4.25
2025-01-03 10:57,4.72
2025-01-03 10:58,3.99
2025-01-03 10:59,3.84
2025-01-03 11:00,1.54
2025-01-03 11:01,4.85
2025-01-03 11:02,1.66
2025-01-03 11:03,4.78
2025-01-03 11:04,4.96
2025-01-03 11:05,4.04
2025-01-03 11:06,1.48
2025-01-03 11:07,3.65
2025-01-03 11:08,2.63
2025-01-03 11:09,1.15
2025-01-03 11:10,2.83
2025-01-03 11:11,4.31
2025-01-03 11:12,1.11
2025-01-03 11:13,1.11
2025-01-03 11:14,4.17
2025-01-03 11:15,2.24
2025-01-03 11:16,2.66
2025-01-03 11:17,2.08
2025-01-03 11:18,4.4
2025-01-03 11:19,1.9
2025-01-03 11:20,1.17
2025-01-03 11:21,1.42
2025-01-03 11:22,4.43
2025-01-03 11:23,1.98
2025-01-03 11:24,4.33
2025-01-03 11:25,2.55
2025-01-03 11:26,3.61
2025-01-03 11:27,1.24
2025-01-03 11:28,1.79
2025-01-03 11:29,3.01
2025-01-03 11:30,2.95
2025-01-03 11:31,3.17
2025-01-03 11:32,4.77
2025-01-03 11:33,3.06
2025-01-03 11:34,2.43
2025-01-03 11:35,1.08
2025-01-03 11:36,2.16
2025-01-03 11:37,1.09
2025-01-03 11:38,1.38
2025-01-03 11:39,2.96
2025-01-03 11:40,1.93
2025-01-03 11:41,3.96
2025-01-03 11:42,1.49
2025-01-03 11:43,1.09
2025-01-03 11:44,1.32
2025-01-03 11:45,2.76
2025-01-03 11:46,4.17
2025-01-03 11:47,3.06
2025-01-03 11:48,1.85
2025-01-03 11:49,3.93
2025-01-03 11:50,1.09
2025-01-03 11:51,1.13
2025-01-03 11:52,1.1
2025-01-03 11:53,1.83
2025-01-03 11:54,3.96
2025-01-03 11:55,3.87
2025-01-03 11:56,1.86
2025-01-03 11:57,1.98
2025-01-03 11:58,3.51
2025-01-03 11:59,2.89
2025-01-03 12:00,4.47
2025-01-03 12:01,3.92
2025-01-03 12:02,3.53
2025-01-03 12:03,1.35
2025-01-03 12:04,3.46
2025-01-03 12:05,1.87
2025-01-03 12:06,1.6
2025-01-03 12:07,3.63
2025-01-03 12:08,2.12
2025-01-03 12:09,1.85
2025-01-03 12:10,2.43
2025-01-03 12:11,2.06
2025-01-03 12:12,4.74
2025-01-03 12:13,1.35
2025-01-03 12:14,2.08
2025-01-03 12:15,4.52
2025-01-03 12:16,2.18
2025-01-03 12:17,4.0
2025-01-03 12:18,1.82
2025-01-03 12:19,4.02
2025-01-03 12:20,2.58
2025-01-03 12:21,3.86
2025-01-03 12:22,3.78
2025-01-03 12:23,1.54
2025-01-03 12:24,1.66
2025-01-03 12:25,1.5
2025-01-03 12:26,4.37
2025-01-03 12:27,1.27
2025-01-03 12:28,4.05
2025-01-03 12:29,3.44
2025-01-03 12:30,2.23
2025-01-03 12:31,1.51
2025-01-03 12:32,2.49
2025-01-03 12:33,4.06
2025-01-03 12:34,3.3
2025-01-03 12:35,3.88
2025-01-03 12:36,3.17
2025-01-03 12:37,1.98
2025-01-03 12:38,3.67
2025-01-03 12:39,3.9
2025-01-03 12:40,2.95
2025-01-03 12:41,1.1
2025-01-03 12:42,4.71
2025-01-03 12:43,4.22
2025-01-03 12:44,3.0
2025-01-03 12:45,3.88
2025-01-03 12:46,1.54
2025-01-03 12:47,3.79
2025-01-03 12:48,4.6
2025-01-03 12:49,4.06
2025-01-03 12:50,3.48
2025-01-03 12:51,4.7
2025-01-03 12:52,1.17
2025-01-03 12:53,4.9
2025-01-03 12:54,2.63
2025-01-03 12:55,3.04
2025-01-03 12:56,1.9
2025-01-03 12:57,3.1
2025-01-03 12:58,1.38
2025-01-03 12:59,2.32
2025-01-03 13:00,1.51
2025-01-03 13:01,2.34
2025-01-03 13:02,3.65
2025-01-03 13:03,3.91
2025-01-03 13:04,4.79
2025-01-03 13:05,3.61
2025-01-03 13:06,1.1
2025-01-03 13:07,1.23
2025-01-03 13:08,3.76
2025-01-03 13:09,4.97
2025-01-03 13:10,3.78
2025-01-03 13:11,1.73
2025-01-03 13:12,4.29
2025-01-03 13:13,4.15
2025-01-03 13:14,1.4
2025-01-03 13:15,2.66
2025-01-03 13:16,3.65
2025-01-03 13:17,2.29
2025-01-03 13:18,3.62
2025-01-03 13:19,3.61
2025-01-03 13:20,2.97
2025-01-03 13:21,4.62
2025-01-03 13:22,3.26
2025-01-03 13:23,1.85
2025-01-03 13:24,2.86
2025-01-03 13:25,3.15
2025-01-03 13:26,2.1
2025-01-03 13:27,3.66
2025-01-03 13:28,2.73
2025-01-03 13:29,2.83
2025-01-03 13:30,3.78
2025-01-03 13:31,4.6
2025-01-03 13:32,3.96
2025-01-03 13:33,1.95
2025-01-03 13:34,3.58
2025-01-03 13:35,4.76
2025-01-03 13:36,4.11
2025-01-03 13:37,1.88
2025-01-03 13:38,2.11
2025-01-03 13:39,4.23
2025-01-03 13:40,1.79
2025-01-03 13:41,4.21
2025-01-03 13:42,1.3
2025-01-03 13:43,2.23
2025-01-03 13:44,1.88
2025-01-03 13:45,1.08
2025-01-03 13:46,4.03
2025-01-03 13:47,3.16
2025-01-03 13:48,3.28
2025-01-03 13:49,1.76
2025-01-03 13:50,1.69
2025-01-03 13:51,4.87
2025-01-03 13:52,1.0
2025-01-03 13:53,1.19
2025-01-03 13:54,3.53
2025-01-03 13:55,2.21
2025-01-03 13:56,1.48
2025-01-03 13:57,1.31
2025-01-03 13:58,3.68
2025-01-03 13:59,3.04
2025-01-03 14:00,2.9
2025-01-03 14:01,2.31
2025-01-03 14:02,4.22
2025-01-03 14:03,3.77
2025-01-03 14:04,1.57
2025-01-03 14:05,1.51
2025-01-03 14:06,4.32
2025-01-03 14:07,1.28
2025-01-03 14:08,4.96
2025-01-03 14:09,2.22
2025-01-03 14:10,2.06
2025-01-03 14:11,3.69
2025-01-03 14:12,2.89
2025-01-03 14:13,3.67
2025-01-03 14:14,3.77
2025-01-03 14:15,3.17
2025-01-03 14:16,1.56
2025-01-03 14:17,4.61
2025-01-03 14:18,4.07
2025-01-03 14:19,1.76
2025-01-03 14:20,2.88
2025-01-03 14:21,3.49
2025-01-03 14:22,2.61
2025-01-03 14:23,3.49
2025-01-03 14:24,1.46
2025-01-03 14:25,4.18
2025-01-03 14:26,3.88
2025-01-03 14:27,3.37
2025-01-03 14:28,4.35
2025-01-03 14:29,2.18
2025-01-03 14:30,4.16
2025-01-03 14:31,4.57
2025-01-03 14:32,3.26
2025-01-03 14:33,1.91
2025-01-03 14:34,2.48
2025-01-03 14:35,1.44
2025-01-03 14:36,1.09
2025-01-03 14:37,3.99
2025-01-03 14:38,2.18
2025-01-03 14:39,2.31
2025-01-03 14:40,4.29
2025-01-03 14:41,1.08
2025-01-03 14:42,4.82
2025-01-03 14:43,1.86
2025-01-03 14:44,2.34
2025-01-03 14:45,3.33
2025-01-03 14:46,4.17
2025-01-03 14:47,2.45
2025-01-03 14:48,2.33
2025-01-03 14:49,2.03
2025-01-03 14:50,4.56
2025-01-03 14:51,3.59
2025-01-03 14:52,1.16
2025-01-03 14:53,1.22
2025-01-03 14:54,1.3
2025-01-03 14:55,2.77
2025-01-03 14:56,1.37
2025-01-03 14:57,3.99
2025-01-03 14:58,3.59
2025-01-03 14:59,2.97
2025-01-03 15:00,3.48
2025-01-03 15:01,1.22
2025-01-03 15:02,2.12
2025-01-03 15:03,1.02
2025-01-03 15:04,3.49
2025-01-03 15:05,4.5
2025-01-03 15:06,4.41
2025-01-03 15:07,4.31
2025-01-03 15:08,3.75
2025-01-03 15:09,3.72
2025-01-03 15:10,2.75
2025-01-03 15:11,4.13
2025-01-03 15:12,3.01
2025-01-03 15:13,1.77
2025-01-03 15:14,4.81
2025-01-03 15:15,1.26
2025-01-03 15:16,3.27
2025-01-03 15:17,1.8
2025-01-03 15:18,2.03
2025-01-03 15:19,2.87
2025-01-03 15:20,2.5
2025-01-03 15:21,4.04
2025-01-03 15:22,1.99
2025-01-03 15:23,2.99
2025-01-03 15:24,2.91
2025-01-03 15:25,4.65
2025-01-03 15:26,3.67
2025-01-03 15:27,2.21
2025-01-03 15:28,4.07
2025-01-03 15:29,4.87
2025-01-03 15:30,4.81
2025-01-03 15:31,1.85
2025-01-03 15:32,3.23
2025-01-03 15:33,1.81
2025-01-03 15:34,4.41
2025-01-03 15:35,2.33
2025-01-03 15:36,4.62
2025-01-03 15:37,3.93
2025-01-03 15:38,3.17
2025-01-03 15:39,3.97
2025-01-03 15:40,1.83
2025-01-03 15:41,3.61
2025-01-03 15:42,1.32
2025-01-03 15:43,4.3
2025-01-03 15:44,3.71
2025-01-03 15:45,4.96
2025-01-03 15:46,2.54
2025-01-03 15:47,1.44
2025-01-03 15:48,3.55
2025-01-03 15:49,4.08
2025-01-03 15:50,3.41
2025-01-03 15:51,3.77
2025-01-03 15:52,1.78
2025-01-03 15:53,1.19
2025-01-03 15:54,2.6
2025-01-03 15:55,3.92
2025-01-03 15:56,1.32
2025-01-03 15:57,3.71
2025-01-03 15:58,2.38
2025-01-03 15:59,2.96
2025-01-03 16:00,2.2
2025-01-03 16:01,2.93
2025-01-03 16:02,2.03
2025-01-03 16:03,3.76
2025-01-03 16:04,2.89
2025-01-03 16:05,1.88
2025-01-03 16:06,2.29
2025-01-03 16:07,3.28
2025-01-03 16:08,2.64
2025-01-03 16:09,2.28
2025-01-03 16:10,2.19
2025-01-03 16:11,4.12
2025-01-03 16:12,1.25
2025-01-03 16:13,2.21
2025-01-03 16:14,3.31
2025-01-03 16:15,4.65
2025-01-03 16:16,3.81
2025-01-03 16:17,2.62
2025-01-03 16:18,3.81
2025-01-03 16:19,3.13
2025-01-03 16:20,3.25
2025-01-03 16:21,4.64
2025-01-03 16:22,3.44
2025-01-03 16:23,2.32
2025-01-03 16:24,1.85
2025-01-03 16:25,2.83
2025-01-03 16:26,4.88
2025-01-03 16:27,4.88
2025-01-03 16:28,3.68
2025-01-03 16:29,1.07
2025-01-03 16:30,3.9
2025-01-03 16:31,1.95
2025-01-03 16:32,1.02
2025-01-03 16:33,2.81
2025-01-03 16:34,3.26
2025-01-03 16:35,3.54
2025-01-03 16:36,3.38
2025-01-03 16:37,1.64
2025-01-03 16:38,4.57
2025-01-03 16:39,2.75
2025-01-03 16:40,4.19
2025-01-03 16:41,1.49
2025-01-03 16:42,2.59
2025-01-03 16:43,4.27
2025-01-03 16:44,4.53
2025-01-03 16:45,4.14
2025-01-03 16:46,2.05
2025-01-03 16:47,2.0
2025-01-03 16:48,2.02
2025-01-03 16:49,3.68
2025-01-03 16:50,4.87
2025-01-03 16:51,3.09
2025-01-03 16:52,3.25
2025-01-03 16:53,1.91
2025-01-03 16:54,1.6
2025-01-03 16:55,1.73
2025-01-03 16:56,2.46
2025-01-03 16:57,3.13
2025-01-03 16:58,3.69
2025-01-03 16:59,3.56
2025-01-03 17:00,1.66
2025-01-03 17:01,2.24
2025-01-03 17:02,2.37
2025-01-03 17:03,2.52
2025-01-03 17:04,3.35
2025-01-03 17:05,3.73
2025-01-03 17:06,1.74
2025-01-03 17:07,3.52
2025-01-03 17:08,2.6
2025-01-03 17:09,1.51
2025-01-03 17:10,3.47
2025-01-03 17:11,4.22
2025-01-03 17:12,4.54
2025-01-03 17:13,3.87
2025-01-03 17:14,1.91
2025-01-03 17:15,2.23
2025-01-03 17:16,4.31
2025-01-03 17:17,3.53
2025-01-03 17:18,3.41
2025-01-03 17:19,1.4
2025-01-03 17:20,3.5
2025-01-03 17:21,1.34
2025-01-03 17:22,3.92
2025-01-03 17:23,3.04
2025-01-03 17:24,3.5
2025-01-03 17:25,2.98
2025-01-03 17:26,4.7
2025-01-03 17:27,2.79
2025-01-03 17:28,4.42
2025-01-03 17:29,3.59
2025-01-03 17:30,2.4
2025-01-03 17:31,5.0
2025-01-03 17:32,2.14
2025-01-03 17:33,1.51
2025-01-03 17:34,2.03
2025-01-03 17:35,2.31
2025-01-03 17:36,2.63
2025-01-03 17:37,2.2
2025-01-03 17:38,1.42
2025-01-03 17:39,2.43
2025-01-03 17:40,1.62
2025-01-03 17:41,4.92
2025-01-03 17:42,3.18
2025-01-03 17:43,2.78
2025-01-03 17:44,3.19
2025-01-03 17:45,3.12
2025-01-03 17:46,3.64
2025-01-03 17:47,1.39
2025-01-03 17:48,3.51
2025-01-03 17:49,2.76
2025-01-03 17:50,3.04
2025-01-03 17:51,4.79
2025-01-03 17:52,4.02
2025-01-03 17:53,2.13
2025-01-03 17:54,3.99
2025-01-03 17:55,3.92
2025-01-03 17:56,3.99
2025-01-03 17:57,4.01
2025-01-03 17:58,3.94
2025-01-03 17:59,1.67
2025-01-03 18:00,2.65
2025-01-03 18:01,4.3
2025-01-03 18:02,4.49
2025-01-03 18:03,2.2
2025-01-03 18:04,4.55
2025-01-03 18:05,3.42
2025-01-03 18:06,2.33
2025-01-03 18:07,4.0
2025-01-03 18:08,2.07
2025-01-03 18:09,1.3
2025-01-03 18:10,1.33
2025-01-03 18:11,4.42
2025-01-03 18:12,4.44
2025-01-03 18:13,1.99
2025-01-03 18:14,4.16
2025-01-03 18:15,3.67
2025-01-03 18:16,3.4
2025-01-03 18:17,2.54
2025-01-03 18:18,3.46
2025-01-03 18:19,2.76
2025-01-03 18:20,2.82
2025-01-03 18:21,4.05
2025-01-03 18:22,3.7
2025-01-03 18:23,3.51
2025-01-03 18:24,2.18
2025-01-03 18:25,3.3
2025-01-03 18:26,1.5
2025-01-03 18:27,2.41
2025-01-03 18:28,4.65
2025-01-03 18:29,4.27
2025-01-03 18:30,1.27
2025-01-03 18:31,3.38
2025-01-03 18:32,2.14
2025-01-03 18:33,2.52
2025-01-03 18:34,3.38
2025-01-03 18:35,3.54
2025-01-03 18:36,4.24
2025-01-03 18:37,1.77
2025-01-03 18:38,4.24
2025-01-03 18:39,2.42
2025-01-03 18:40,4.04
2025-01-03 18:41,4.3
2025-01-03 18:42,3.54
2025-01-03 18:43,1.66
2025-01-03 18:44,1.12
2025-01-03 18:45,2.93
2025-01-03 18:46,1.34
2025-01-03 18:47,1.17
2025-01-03 18:48,4.35
2025-01-03 18:49,3.14
2025-01-03 18:50,4.36
2025-01-03 18:51,1.43
2025-01-03 18:52,2.53
2025-01-03 18:53,4.53
2025-01-03 18:54,4.47
2025-01-03 18:55,1.33
2025-01-03 18:56,1.44
2025-01-03 18:57,3.59
2025-01-03 18:58,2.4
2025-01-03 18:59,2.52
2025-01-03 19:00,1.06
2025-01-03 19:01,1.16
2025-01-03 19:02,4.64
2025-01-03 19:03,3.18
2025-01-03 19:04,4.04
2025-01-03 19:05,4.33
2025-01-03 19:06,3.74
2025-01-03 19:07,3.77
2025-01-03 19:08,1.93
2025-01-03 19:09,4.94
2025-01-03 19:10,2.7
2025-01-03 19:11,1.66
2025-01-03 19:12,4.87
2025-01-03 19:13,3.02
2025-01-03 19:14,3.17
2025-01-03 19:15,3.97
2025-01-03 19:16,2.01
2025-01-03 19:17,3.1
2025-01-03 19:18,2.85
2025-01-03 19:19,1.09
2025-01-03 19:20,4.84
2025-01-03 19:21,2.41
2025-01-03 19:22,1.24
2025-01-03 19:23,3.0
2025-01-03 19:24,1.75
2025-01-03 19:25,3.37
2025-01-03 19:26,3.35
2025-01-03 19:27,4.41
2025-01-03 19:28,2.48
2025-01-03 19:29,2.94
2025-01-03 19:30,1.47
2025-01-03 19:31,1.68
2025-01-03 19:32,2.64
2025-01-03 19:33,2.11
2025-01-03 19:34,1.49
2025-01-03 19:35,3.37
2025-01-03 19:36,2.08
2025-01-03 19:37,3.42
2025-01-03 19:38,4.93
2025-01-03 19:39,4.31
2025-01-03 19:40,3.79
2025-01-03 19:41,3.14
2025-01-03 19:42,3.97
2025-01-03 19:43,1.06
2025-01-03 19:44,2.45
2025-01-03 19:45,3.21
2025-01-03 19:46,2.29
2025-01-03 19:47,1.9
2025-01-03 19:48,1.64
2025-01-03 19:49,3.22
2025-01-03 19:50,4.61
2025-01-03 19:51,3.87
2025-01-03 19:52,2.41
2025-01-03 19:53,4.0
2025-01-03 19:54,4.3
2025-01-03 19:55,3.77
2025-01-03 19:56,4.02
2025-01-03 19:57,2.4
2025-01-03 19:58,4.27
2025-01-03 19:59,2.32
2025-01-03 20:00,1.46
2025-01-03 20:01,1.67
2025-01-03 20:02,4.14
2025-01-03 20:03,2.07
2025-01-03 20:04,1.75
2025-01-03 20:05,2.74
2025-01-03 20:06,2.72
2025-01-03 20:07,2.17
2025-01-03 20:08,2.84
2025-01-03 20:09,3.23
2025-01-03 20:10,4.07
2025-01-03 20:11,4.07
2025-01-03 20:12,1.33
2025-01-03 20:13,2.15
2025-01-03 20:14,3.21
2025-01-03 20:15,2.14
2025-01-03 20:16,2.36
2025-01-03 20:17,4.72
2025-01-03 20:18,4.41
2025-01-03 20:19,3.58
2025-01-03 20:20,1.0
2025-01-03 20:21,4.42
2025-01-03 20:22,2.76
2025-01-03 20:23,2.66
2025-01-03 20:24,3.23
2025-01-03 20:25,3.5
2025-01-03 20:26,4.9
2025-01-03 20:27,2.37
2025-01-03 20:28,2.41
2025-01-03 20:29,3.32
2025-01-03 20:30,2.2
2025-01-03 20:31,4.19
2025-01-03 20:32,1.0
2025-01-03 20:33,3.12
2025-01-03 20:34,1.4
2025-01-03 20:35,1.35
2025-01-03 20:36,4.35
2025-01-03 20:37,1.63
2025-01-03 20:38,4.61
2025-01-03 20:39,2.38
2025-01-03 20:40,2.31
2025-01-03 20:41,4.81
2025-01-03 20:42,1.67
2025-01-03 20:43,3.94
2025-01-03 20:44,3.88
2025-01-03 20:45,3.06
2025-01-03 20:46,2.57
2025-01-03 20:47,4.68
2025-01-03 20:48,4.93
2025-01-03 20:49,1.53
2025-01-03 20:50,4.89
2025-01-03 20:51,1.77
2025-01-03 20:52,3.02
2025-01-03 20:53,1.09
2025-01-03 20:54,2.29
2025-01-03 20:55,3.33
2025-01-03 20:56,2.38
2025-01-03 20:57,4.14
2025-01-03 20:58,4.42
2025-01-03 20:59,1.16
2025-01-03 21:00,2.11
2025-01-03 21:01,1.52
2025-01-03 21:02,4.9
2025-01-03 21:03,4.76
2025-01-03 21:04,2.51
2025-01-03 21:05,4.5
2025-01-03 21:06,4.34
2025-01-03 21:07,3.4
2025-01-03 21:08,3.19
2025-01-03 21:09,2.04
2025-01-03 21:10,4.12
2025-01-03 21:11,4.97
2025-01-03 21:12,1.85
2025-01-03 21:13,4.06
2025-01-03 21:14,4.28
2025-01-03 21:15,2.6
2025-01-03 21:16,3.72
2025-01-03 21:17,4.34
2025-01-03 21:18,1.19
2025-01-03 21:19,2.53
2025-01-03 21:20,3.33
2025-01-03 21:21,1.27
2025-01-03 21:22,4.24
2025-01-03 21:23,1.26
2025-01-03 21:24,2.47
2025-01-03 21:25,3.18
2025-01-03 21:26,1.79
2025-01-03 21:27,2.95
2025-01-03 21:28,2.58
2025-01-03 21:29,4.95
2025-01-03 21:30,2.26
2025-01-03 21:31,3.77
2025-01-03 21:32,1.52
2025-01-03 21:33,2.9
2025-01-03 21:34,1.74
2025-01-03 21:35,2.83
2025-01-03 21:36,4.74
2025-01-03 21:37,2.15
2025-01-03 21:38,4.12
2025-01-03 21:39,2.82
2025-01-03 21:40,2.58
2025-01-03 21:41,4.59
2025-01-03 21:42,2.7
2025-01-03 21:43,2.04
2025-01-03 21:44,1.33
2025-01-03 21:45,4.63
2025-01-03 21:46,3.58
2025-01-03 21:47,1.49
2025-01-03 21:48,4.59
2025-01-03 21:49,2.71
2025-01-03 21:50,3.9
2025-01-03 21:51,3.0
2025-01-03 21:52,2.98
2025-01-03 21:53,2.53
2025-01-03 21:54,3.73
2025-01-03 21:55,3.66
2025-01-03 21:56,3.87
2025-01-03 21:57,3.24
2025-01-03 21:58,4.35
2025-01-03 21:59,4.25
2025-01-03 22:00,3.48
2025-01-03 22:01,1.46
2025-01-03 22:02,4.82
2025-01-03 22:03,4.07
2025-01-03 22:04,2.86
2025-01-03 22:05,1.93
2025-01-03 22:06,2.58
2025-01-03 22:07,4.9
2025-01-03 22:08,4.32
2025-01-03 22:09,1.21
2025-01-03 22:10,3.87
2025-01-03 22:11,1.9
2025-01-03 22:12,2.39
2025-01-03 22:13,4.29
2025-01-03 22:14,1.02
2025-01-03 22:15,2.78
2025-01-03 22:16,3.68
2025-01-03 22:17,4.95
2025-01-03 22:18,4.18
2025-01-03 22:19,4.78
2025-01-03 22:20,3.34
2025-01-03 22:21,4.13
2025-01-03 22:22,1.45
2025-01-03 22:23,2.75
2025-01-03 22:24,4.94
2025-01-03 22:25,3.78
2025-01-03 22:26,3.81
2025-01-03 22:27,1.28
2025-01-03 22:28,2.51
2025-01-03 22:29,1.14
2025-01-03 22:30,4.52
2025-01-03 22:31,2.71
2025-01-03 22:32,1.71
2025-01-03 22:33,1.5
2025-01-03 22:34,4.23
2025-01-03 22:35,2.56
2025-01-03 22:36,3.67
2025-01-03 22:37,1.96
2025-01-03 22:38,1.94
2025-01-03 22:39,2.58
2025-01-03 22:40,1.47
2025-01-03 22:41,1.08
2025-01-03 22:42,3.14
2025-01-03 22:43,3.13
2025-01-03 22:44,2.56
2025-01-03 22:45,3.55
2025-01-03 22:46,1.14
2025-01-03 22:47,2.3
2025-01-03 22:48,3.65
2025-01-03 22:49,3.59
2025-01-03 22:50,4.15
2025-01-03 22:51,4.39
2025-01-03 22:52,1.03
2025-01-03 22:53,2.07
2025-01-03 22:54,2.91
2025-01-03 22:55,4.23
2025-01-03 22:56,4.31
2025-01-03 22:57,2.25
2025-01-03 22:58,1.83
2025-01-03 22:59,1.24
2025-01-03 23:00,3.12
2025-01-03 23:01,4.42
2025-01-03 23:02,1.96
2025-01-03 23:03,1.64
2025-01-03 23:04,2.4
2025-01-03 23:05,4.2
2025-01-03 23:06,3.87
2025-01-03 23:07,4.39
2025-01-03 23:08,1.8
2025-01-03 23:09,4.25
2025-01-03 23:10,3.28
2025-01-03 23:11,4.51
2025-01-03 23:12,2.02
2025-01-03 23:13,4.27
2025-01-03 23:14,2.59
2025-01-03 23:15,3.05
2025-01-03 23:16,1.72
2025-01-03 23:17,1.46
2025-01-03 23:18,2.01
2025-01-03 23:19,4.55
2025-01-03 23:20,2.28
2025-01-03 23:21,1.14
2025-01-03 23:22,4.73
2025-01-03 23:23,3.47
2025-01-03 23:24,4.11
2025-01-03 23:25,1.95
2025-01-03 23:26,4.51
2025-01-03 23:27,3.15
2025-01-03 23:28,1.45
2025-01-03 23:29,4.03
2025-01-03 23:30,4.96
2025-01-03 23:31,4.85
2025-01-03 23:32,4.08
2025-01-03 23:33,2.7
2025-01-03 23:34,3.61
2025-01-03 23:35,1.86
2025-01-03 23:36,1.02
2025-01-03 23:37,4.79
2025-01-03 23:38,2.05
2025-01-03 23:39,1.15
2025-01-03 23:40,4.61
2025-01-03 23:41,3.29
2025-01-03 23:42,1.81
2025-01-03 23:43,4.81
2025-01-03 23:44,1.47
2025-01-03 23:45,1.48
2025-01-03 23:46,1.76
2025-01-03 23:47,1.92
2025-01-03 23:48,4.71
2025-01-03 23:49,1.35
2025-01-03 23:50,2.25
2025-01-03 23:51,4.52
2025-01-03 23:52,2.17
2025-01-03 23:53,4.62
2025-01-03 23:54,5.0
2025-01-03 23:55,2.55
2025-01-03 23:56,1.02
2025-01-03 23:57,4.44
2025-01-03 23:58,4.6
2025-01-03 23:59,4.95
2025-01-04 00:00,2.07
2025-01-04 00:01,1.65
2025-01-04 00:02,3.5
2025-01-04 00:03,4.96
2025-01-04 00:04,2.15
2025-01-04 00:05,1.63
2025-01-04 00:06,1.77
2025-01-04 00:07,2.24
2025-01-04 00:08,4.28
2025-01-04 00:09,1.97
2025-01-04 00:10,3.29
2025-01-04 00:11,4.09
2025-01-04 00:12,4.86
2025-01-04 00:13,2.17
2025-01-04 00:14,4.59
2025-01-04 00:15,2.45
2025-01-04 00:16,2.55
2025-01-04 00:17,4.29
2025-01-04 00:18,4.23
2025-01-04 00:19,2.6
2025-01-04 00:20,4.0
2025-01-04 00:21,3.69
2025-01-04 00:22,4.16
2025-01-04 00:23,4.38
2025-01-04 00:24,1.97
2025-01-04 00:25,1.05
2025-01-04 00:26,1.66
2025-01-04 00:27,3.14
2025-01-04 00:28,4.08
2025-01-04 00:29,3.65
2025-01-04 00:30,4.88
2025-01-04 00:31,4.09
2025-01-04 00:32,1.54
2025-01-04 00:33,2.81
2025-01-04 00:34,1.96
2025-01-04 00:35,3.38
2025-01-04 00:36,2.92
2025-01-04 00:37,1.92
2025-01-04 00:38,1.96
2025-01-04 00:39,1.01
2025-01-04 00:40,3.7
2025-01-04 00:41,2.72
2025-01-04 00:42,2.15
2025-01-04 00:43,2.73
2025-01-04 00:44,2.78
2025-01-04 00:45,4.42
2025-01-04 00:46,1.9
2025-01-04 00:47,3.28
2025-01-04 00:48,2.2
2025-01-04 00:49,4.92
2025-01-04 00:50,4.8
2025-01-04 00:51,2.28
2025-01-04 00:52,1.43
2025-01-04 00:53,3.43
2025-01-04 00:54,1.65
2025-01-04 00:55,2.03
2025-01-04 00:56,3.2
2025-01-04 00:57,1.02
2025-01-04 00:58,3.83
2025-01-04 00:59,3.91
2025-01-04 01:00,2.38
2025-01-04 01:01,1.08
2025-01-04 01:02,1.87
2025-01-04 01:03,1.21
2025-01-04 01:04,4.44
2025-01-04 01:05,2.38
2025-01-04 01:06,1.12
2025-01-04 01:07,1.69
2025-01-04 01:08,1.54
2025-01-04 01:09,4.31
2025-01-04 01:10,4.29
2025-01-04 01:11,1.04
2025-01-04 01:12,1.01
2025-01-04 01:13,1.75
2025-01-04 01:14,4.37
2025-01-04 01:15,1.2
2025-01-04 01:16,2.98
2025-01-04 01:17,2.66
2025-01-04 01:18,3.44
2025-01-04 01:19,3.44
2025-01-04 01:20,3.16
2025-01-04 01:21,4.47
2025-01-04 01:22,1.48
2025-01-04 01:23,3.4
2025-01-04 01:24,1.94
2025-01-04 01:25,2.28
2025-01-04 01:26,2.8
2025-01-04 01:27,2.08
2025-01-04 01:28,3.83
2025-01-04 01:29,3.07
2025-01-04 01:30,4.19
2025-01-04 01:31,2.04
2025-01-04 01:32,1.6
2025-01-04 01:33,2.79
2025-01-04 01:34,3.22
2025-01-04 01:35,2.63
2025-01-04 01:36,1.8
2025-01-04 01:37,1.31
2025-01-04 01:38,4.92
2025-01-04 01:39,3.28
2025-01-04 01:40,2.8
2025-01-04 01:41,3.68
2025-01-04 01:42,4.39
2025-01-04 01:43,3.47
2025-01-04 01:44,1.6
2025-01-04 01:45,1.86
2025-01-04 01:46,1.68
2025-01-04 01:47,3.19
2025-01-04 01:48,3.21
2025-01-04 01:49,1.81
2025-01-04 01:50,4.44
2025-01-04 01:51,1.1
2025-01-04 01:52,2.16
2025-01-04 01:53,4.1
2025-01-04 01:54,4.47
2025-01-04 01:55,4.1
2025-01-04 01:56,1.42
2025-01-04 01:57,1.61
2025-01-04 01:58,2.45
2025-01-04 01:59,4.81
2025-01-04 02:00,1.56
2025-01-04 02:01,1.44
2025-01-04 02:02,1.04
2025-01-04 02:03,3.63
2025-01-04 02:04,2.41
2025-01-04 02:05,4.22
2025-01-04 02:06,3.84
2025-01-04 02:07,4.69
2025-01-04 02:08,3.99
2025-01-04 02:09,1.56
2025-01-04 02:10,3.41
2025-01-04 02:11,3.74
2025-01-04 02:12,3.3
2025-01-04 02:13,3.43
2025-01-04 02:14,1.47
2025-01-04 02:15,3.73
2025-01-04 02:16,2.39
2025-01-04 02:17,4.32
2025-01-04 02:18,2.46
2025-01-04 02:19,2.24
2025-01-04 02:20,3.71
2025-01-04 02:21,4.6
2025-01-04 02:22,1.84
2025-01-04 02:23,1.86
2025-01-04 02:24,4.1
2025-01-04 02:25,4.91
2025-01-04 02:26,3.96
2025-01-04 02:27,3.23
2025-01-04 02:28,3.01
2025-01-04 02:29,1.63
2025-01-04 02:30,4.64
2025-01-04 02:31,2.78
2025-01-04 02:32,2.05
2025-01-04 02:33,1.63
2025-01-04 02:34,3.6
2025-01-04 02:35,2.14
2025-01-04 02:36,3.65
2025-01-04 02:37,4.12
2025-01-04 02:38,1.81
2025-01-04 02:39,3.65
2025-01-04 02:40,2.81
2025-01-04 02:41,3.4
2025-01-04 02:42,2.77
2025-01-04 02:43,4.03
2025-01-04 02:44,2.7
2025-01-04 02:45,1.96
2025-01-04 02:46,1.72
2025-01-04 02:47,2.67
2025-01-04 02:48,3.95
2025-01-04 02:49,3.77
2025-01-04 02:50,1.01
2025-01-04 02:51,2.86
2025-01-04 02:52,4.59
2025-01-04 02:53,2.56
2025-01-04 02:54,3.72
2025-01-04 02:55,3.52
2025-01-04 02:56,2.04
2025-01-04 02:57,3.77
2025-01-04 02:58,1.67
2025-01-04 02:59,1.91
